KEY,FREQ,REF_AREA,ADJUSTMENT,RT_ECON_CONCEPT,RT_DENOM,TIME_PERIOD,OBS_VALUE,OBS_STATUS,OBS_CONF,OBS_PRE_BREAK,OBS_COM,TIME_FORMAT,COLLECTION,COMPILING_ORG,DISS_ORG,DOM_SER_IDS,PUBL_MU,PUBL_PUBLIC,UNIT_INDEX_BASE,UNIT_PRICE_BASE,AGG_EQUN,COMPILATION,COVERAGE,DECIMALS,SOURCE_AGENCY,SOURCE_DETAIL,TITLE,TITLE_COMPL,UNIT,UNIT_MULT
RTD.M.S0.N.C_USL3M.U,M,S0,N,C_USL3M,U,2007-03,5.347145454545454,A,F,,,P1M,A,,,FM.M.GB.USD.RT.MM.USD3MFSR_.HSTA,,,,,,"See <a class=""external"" href=""http://sdw.ecb.europa.eu/web/generator/docu/rtdb_docu.pdf""> notes</a>; block Monthly; series: DG",,4,,,"US Dollar 3-month British Bankers` Association (BBA) Libor - Historical close, average of observations through period",Euro area (moving concept in the Real Time database context) - Rate - 3-month Libor interbank US dolar deposit rate - US dollar,PCPA,0
RTD.M.S0.N.C_USL3M.U,M,S0,N,C_USL3M,U,2007-04,5.354764210526318,A,F,,,P1M,A,,,FM.M.GB.USD.RT.MM.USD3MFSR_.HSTA,,,,,,"See <a class=""external"" href=""http://sdw.ecb.europa.eu/web/generator/docu/rtdb_docu.pdf""> notes</a>; block Monthly; series: DG",,4,,,"US Dollar 3-month British Bankers` Association (BBA) Libor - Historical close, average of observations through period",Euro area (moving concept in the Real Time database context) - Rate - 3-month Libor interbank US dolar deposit rate - US dollar,PCPA,0
RTD.M.S0.N.C_USL3M.U,M,S0,N,C_USL3M,U,2007-05,5.358914285714286,A,F,,,P1M,A,,,FM.M.GB.USD.RT.MM.USD3MFSR_.HSTA,,,,,,"See <a class=""external"" href=""http://sdw.ecb.europa.eu/web/generator/docu/rtdb_docu.pdf""> notes</a>; block Monthly; series: DG",,4,,,"US Dollar 3-month British Bankers` Association (BBA) Libor - Historical close, average of observations through period",Euro area (moving concept in the Real Time database context) - Rate - 3-month Libor interbank US dolar deposit rate - US dollar,PCPA,0
RTD.M.S0.N.C_USL3M.U,M,S0,N,C_USL3M,U,2007-06,5.36,A,F,,,P1M,A,,,FM.M.GB.USD.RT.MM.USD3MFSR_.HSTA,,,,,,"See <a class=""external"" href=""http://sdw.ecb.europa.eu/web/generator/docu/rtdb_docu.pdf""> notes</a>; block Monthly; series: DG",,4,,,"US Dollar 3-month British Bankers` Association (BBA) Libor - Historical close, average of observations through period",Euro area (moving concept in the Real Time database context) - Rate - 3-month Libor interbank US dolar deposit rate - US dollar,PCPA,0
RTD.M.S0.N.C_USL3M.U,M,S0,N,C_USL3M,U,2007-07,5.359655,A,F,,,P1M,A,,,FM.M.GB.USD.RT.MM.USD3MFSR_.HSTA,,,,,,"See <a class=""external"" href=""http://sdw.ecb.europa.eu/web/generator/docu/rtdb_docu.pdf""> notes</a>; block Monthly; series: DG",,4,,,"US Dollar 3-month British Bankers` Association (BBA) Libor - Historical close, average of observations through period",Euro area (moving concept in the Real Time database context) - Rate - 3-month Libor interbank US dolar deposit rate - US dollar,PCPA,0
RTD.M.S0.N.C_USL3M.U,M,S0,N,C_USL3M,U,2007-08,5.482706363636364,A,F,,,P1M,A,,,FM.M.GB.USD.RT.MM.USD3MFSR_.HSTA,,,,,,"See <a class=""external"" href=""http://sdw.ecb.europa.eu/web/generator/docu/rtdb_docu.pdf""> notes</a>; block Monthly; series: DG",,4,,,"US Dollar 3-month British Bankers` Association (BBA) Libor - Historical close, average of observations through period",Euro area (moving concept in the Real Time database context) - Rate - 3-month Libor interbank US dolar deposit rate - US dollar,PCPA,0
RTD.M.S0.N.C_USL3M.U,M,S0,N,C_USL3M,U,2007-09,5.493939000000001,A,F,,,P1M,A,,,FM.M.GB.USD.RT.MM.USD3MFSR_.HSTA,,,,,,"See <a class=""external"" href=""http://sdw.ecb.europa.eu/web/generator/docu/rtdb_docu.pdf""> notes</a>; block Monthly; series: DG",,4,,,"US Dollar 3-month British Bankers` Association (BBA) Libor - Historical close, average of observations through period",Euro area (moving concept in the Real Time database context) - Rate - 3-month Libor interbank US dolar deposit rate - US dollar,PCPA,0
RTD.M.S0.N.C_USL3M.U,M,S0,N,C_USL3M,U,2007-10,5.146522608695652,A,F,,,P1M,A,,,FM.M.GB.USD.RT.MM.USD3MFSR_.HSTA,,,,,,"See <a class=""external"" href=""http://sdw.ecb.europa.eu/web/generator/docu/rtdb_docu.pdf""> notes</a>; block Monthly; series: DG",,4,,,"US Dollar 3-month British Bankers` Association (BBA) Libor - Historical close, average of observations through period",Euro area (moving concept in the Real Time database context) - Rate - 3-month Libor interbank US dolar deposit rate - US dollar,PCPA,0
RTD.M.S0.N.C_USL3M.U,M,S0,N,C_USL3M,U,2007-11,4.962075,A,F,,,P1M,A,,,FM.M.GB.USD.RT.MM.USD3MFSR_.HSTA,,,,,,"See <a class=""external"" href=""http://sdw.ecb.europa.eu/web/generator/docu/rtdb_docu.pdf""> notes</a>; block Monthly; series: DG",,4,,,"US Dollar 3-month British Bankers` Association (BBA) Libor - Historical close, average of observations through period",Euro area (moving concept in the Real Time database context) - Rate - 3-month Libor interbank US dolar deposit rate - US dollar,PCPA,0
RTD.M.S0.N.C_USL3M.U,M,S0,N,C_USL3M,U,2007-12,4.979408947368421,A,F,,,P1M,A,,,FM.M.GB.USD.RT.MM.USD3MFSR_.HSTA,,,,,,"See <a class=""external"" href=""http://sdw.ecb.europa.eu/web/generator/docu/rtdb_docu.pdf""> notes</a>; block Monthly; series: DG",,4,,,"US Dollar 3-month British Bankers` Association (BBA) Libor - Historical close, average of observations through period",Euro area (moving concept in the Real Time database context) - Rate - 3-month Libor interbank US dolar deposit rate - US dollar,PCPA,0
RTD.M.S0.N.C_USL3M.U,M,S0,N,C_USL3M,U,2008-01,3.917643181818182,A,F,,,P1M,A,,,FM.M.GB.USD.RT.MM.USD3MFSR_.HSTA,,,,,,"See <a class=""external"" href=""http://sdw.ecb.europa.eu/web/generator/docu/rtdb_docu.pdf""> notes</a>; block Monthly; series: DG",,4,,,"US Dollar 3-month British Bankers` Association (BBA) Libor - Historical close, average of observations through period",Euro area (moving concept in the Real Time database context) - Rate - 3-month Libor interbank US dolar deposit rate - US dollar,PCPA,0
RTD.M.S0.N.C_USL3M.U,M,S0,N,C_USL3M,U,2008-02,3.087590476190476,A,F,,,P1M,A,,,FM.M.GB.USD.RT.MM.USD3MFSR_.HSTA,,,,,,"See <a class=""external"" href=""http://sdw.ecb.europa.eu/web/generator/docu/rtdb_docu.pdf""> notes</a>; block Monthly; series: DG",,4,,,"US Dollar 3-month British Bankers` Association (BBA) Libor - Historical close, average of observations through period",Euro area (moving concept in the Real Time database context) - Rate - 3-month Libor interbank US dolar deposit rate - US dollar,PCPA,0
RTD.M.S0.N.C_USL3M.U,M,S0,N,C_USL3M,U,2008-03,2.782501052631579,A,F,,,P1M,A,,,FM.M.GB.USD.RT.MM.USD3MFSR_.HSTA,,,,,,"See <a class=""external"" href=""http://sdw.ecb.europa.eu/web/generator/docu/rtdb_docu.pdf""> notes</a>; block Monthly; series: DG",,4,,,"US Dollar 3-month British Bankers` Association (BBA) Libor - Historical close, average of observations through period",Euro area (moving concept in the Real Time database context) - Rate - 3-month Libor interbank US dolar deposit rate - US dollar,PCPA,0
RTD.M.S0.N.C_USL3M.U,M,S0,N,C_USL3M,U,2008-04,2.794660000000001,A,F,,,P1M,A,,,FM.M.GB.USD.RT.MM.USD3MFSR_.HSTA,,,,,,"See <a class=""external"" href=""http://sdw.ecb.europa.eu/web/generator/docu/rtdb_docu.pdf""> notes</a>; block Monthly; series: DG",,4,,,"US Dollar 3-month British Bankers` Association (BBA) Libor - Historical close, average of observations through period",Euro area (moving concept in the Real Time database context) - Rate - 3-month Libor interbank US dolar deposit rate - US dollar,PCPA,0
RTD.M.S0.N.C_USL3M.U,M,S0,N,C_USL3M,U,2008-05,2.692377999999999,A,F,,,P1M,A,,,FM.M.GB.USD.RT.MM.USD3MFSR_.HSTA,,,,,,"See <a class=""external"" href=""http://sdw.ecb.europa.eu/web/generator/docu/rtdb_docu.pdf""> notes</a>; block Monthly; series: DG",,4,,,"US Dollar 3-month British Bankers` Association (BBA) Libor - Historical close, average of observations through period",Euro area (moving concept in the Real Time database context) - Rate - 3-month Libor interbank US dolar deposit rate - US dollar,PCPA,0
RTD.M.S0.N.C_USL3M.U,M,S0,N,C_USL3M,U,2008-06,2.765389523809524,A,F,,,P1M,A,,,FM.M.GB.USD.RT.MM.USD3MFSR_.HSTA,,,,,,"See <a class=""external"" href=""http://sdw.ecb.europa.eu/web/generator/docu/rtdb_docu.pdf""> notes</a>; block Monthly; series: DG",,4,,,"US Dollar 3-month British Bankers` Association (BBA) Libor - Historical close, average of observations through period",Euro area (moving concept in the Real Time database context) - Rate - 3-month Libor interbank US dolar deposit rate - US dollar,PCPA,0
RTD.M.S0.N.C_USL3M.U,M,S0,N,C_USL3M,U,2008-07,2.792339130434783,A,F,,,P1M,A,,,FM.M.GB.USD.RT.MM.USD3MFSR_.HSTA,,,,,,"See <a class=""external"" href=""http://sdw.ecb.europa.eu/web/generator/docu/rtdb_docu.pdf""> notes</a>; block Monthly; series: DG",,4,,,"US Dollar 3-month British Bankers` Association (BBA) Libor - Historical close, average of observations through period",Euro area (moving concept in the Real Time database context) - Rate - 3-month Libor interbank US dolar deposit rate - US dollar,PCPA,0
RTD.M.S0.N.C_USL3M.U,M,S0,N,C_USL3M,U,2008-08,2.806252500000001,A,F,,,P1M,A,,,FM.M.GB.USD.RT.MM.USD3MFSR_.HSTA,,,,,,"See <a class=""external"" href=""http://sdw.ecb.europa.eu/web/generator/docu/rtdb_docu.pdf""> notes</a>; block Monthly; series: DG",,4,,,"US Dollar 3-month British Bankers` Association (BBA) Libor - Historical close, average of observations through period",Euro area (moving concept in the Real Time database context) - Rate - 3-month Libor interbank US dolar deposit rate - US dollar,PCPA,0
RTD.M.S0.N.C_USL3M.U,M,S0,N,C_USL3M,U,2008-09,3.121677272727272,A,F,,,P1M,A,,,FM.M.GB.USD.RT.MM.USD3MFSR_.HSTA,,,,,,"See <a class=""external"" href=""http://sdw.ecb.europa.eu/web/generator/docu/rtdb_docu.pdf""> notes</a>; block Monthly; series: DG",,4,,,"US Dollar 3-month British Bankers` Association (BBA) Libor - Historical close, average of observations through period",Euro area (moving concept in the Real Time database context) - Rate - 3-month Libor interbank US dolar deposit rate - US dollar,PCPA,0
RTD.M.S0.N.C_USL3M.U,M,S0,N,C_USL3M,U,2008-10,4.058586956521738,A,F,,,P1M,A,,,FM.M.GB.USD.RT.MM.USD3MFSR_.HSTA,,,,,,"See <a class=""external"" href=""http://sdw.ecb.europa.eu/web/generator/docu/rtdb_docu.pdf""> notes</a>; block Monthly; series: DG",,4,,,"US Dollar 3-month British Bankers` Association (BBA) Libor - Historical close, average of observations through period",Euro area (moving concept in the Real Time database context) - Rate - 3-month Libor interbank US dolar deposit rate - US dollar,PCPA,0
RTD.M.S0.N.C_USL3M.U,M,S0,N,C_USL3M,U,2008-11,2.279063,A,F,,,P1M,A,,,FM.M.GB.USD.RT.MM.USD3MFSR_.HSTA,,,,,,"See <a class=""external"" href=""http://sdw.ecb.europa.eu/web/generator/docu/rtdb_docu.pdf""> notes</a>; block Monthly; series: DG",,4,,,"US Dollar 3-month British Bankers` Association (BBA) Libor - Historical close, average of observations through period",Euro area (moving concept in the Real Time database context) - Rate - 3-month Libor interbank US dolar deposit rate - US dollar,PCPA,0
RTD.M.S0.N.C_USL3M.U,M,S0,N,C_USL3M,U,2008-12,1.829345714285714,A,F,,,P1M,A,,,FM.M.GB.USD.RT.MM.USD3MFSR_.HSTA,,,,,,"See <a class=""external"" href=""http://sdw.ecb.europa.eu/web/generator/docu/rtdb_docu.pdf""> notes</a>; block Monthly; series: DG",,4,,,"US Dollar 3-month British Bankers` Association (BBA) Libor - Historical close, average of observations through period",Euro area (moving concept in the Real Time database context) - Rate - 3-month Libor interbank US dolar deposit rate - US dollar,PCPA,0
RTD.M.S0.N.C_USL3M.U,M,S0,N,C_USL3M,U,2009-01,1.210805238095238,A,F,,,P1M,A,,,FM.M.GB.USD.RT.MM.USD3MFSR_.HSTA,,,,,,"See <a class=""external"" href=""http://sdw.ecb.europa.eu/web/generator/docu/rtdb_docu.pdf""> notes</a>; block Monthly; series: DG",,4,,,"US Dollar 3-month British Bankers` Association (BBA) Libor - Historical close, average of observations through period",Euro area (moving concept in the Real Time database context) - Rate - 3-month Libor interbank US dolar deposit rate - US dollar,PCPA,0
RTD.M.S0.N.C_USL3M.U,M,S0,N,C_USL3M,U,2009-02,1.242627,A,F,,,P1M,A,,,FM.M.GB.USD.RT.MM.USD3MFSR_.HSTA,,,,,,"See <a class=""external"" href=""http://sdw.ecb.europa.eu/web/generator/docu/rtdb_docu.pdf""> notes</a>; block Monthly; series: DG",,4,,,"US Dollar 3-month British Bankers` Association (BBA) Libor - Historical close, average of observations through period",Euro area (moving concept in the Real Time database context) - Rate - 3-month Libor interbank US dolar deposit rate - US dollar,PCPA,0
RTD.M.S0.N.C_USL3M.U,M,S0,N,C_USL3M,U,2009-03,1.266737272727273,A,F,,,P1M,A,,,FM.M.GB.USD.RT.MM.USD3MFSR_.HSTA,,,,,,"See <a class=""external"" href=""http://sdw.ecb.europa.eu/web/generator/docu/rtdb_docu.pdf""> notes</a>; block Monthly; series: DG",,4,,,"US Dollar 3-month British Bankers` Association (BBA) Libor - Historical close, average of observations through period",Euro area (moving concept in the Real Time database context) - Rate - 3-month Libor interbank US dolar deposit rate - US dollar,PCPA,0
RTD.M.S0.N.C_USL3M.U,M,S0,N,C_USL3M,U,2009-04,1.1062215,A,F,,,P1M,A,,,FM.M.GB.USD.RT.MM.USD3MFSR_.HSTA,,,,,,"See <a class=""external"" href=""http://sdw.ecb.europa.eu/web/generator/docu/rtdb_docu.pdf""> notes</a>; block Monthly; series: DG",,4,,,"US Dollar 3-month British Bankers` Association (BBA) Libor - Historical close, average of observations through period",Euro area (moving concept in the Real Time database context) - Rate - 3-month Libor interbank US dolar deposit rate - US dollar,PCPA,0
RTD.M.S0.N.C_USL3M.U,M,S0,N,C_USL3M,U,2009-05,0.815034210526316,A,F,,,P1M,A,,,FM.M.GB.USD.RT.MM.USD3MFSR_.HSTA,,,,,,"See <a class=""external"" href=""http://sdw.ecb.europa.eu/web/generator/docu/rtdb_docu.pdf""> notes</a>; block Monthly; series: DG",,4,,,"US Dollar 3-month British Bankers` Association (BBA) Libor - Historical close, average of observations through period",Euro area (moving concept in the Real Time database context) - Rate - 3-month Libor interbank US dolar deposit rate - US dollar,PCPA,0
RTD.M.S0.N.C_USL3M.U,M,S0,N,C_USL3M,U,2009-06,0.620712272727273,A,F,,,P1M,A,,,FM.M.GB.USD.RT.MM.USD3MFSR_.HSTA,,,,,,"See <a class=""external"" href=""http://sdw.ecb.europa.eu/web/generator/docu/rtdb_docu.pdf""> notes</a>; block Monthly; series: DG",,4,,,"US Dollar 3-month British Bankers` Association (BBA) Libor - Historical close, average of observations through period",Euro area (moving concept in the Real Time database context) - Rate - 3-month Libor interbank US dolar deposit rate - US dollar,PCPA,0
RTD.M.S0.N.C_USL3M.U,M,S0,N,C_USL3M,U,2009-07,0.515327826086957,A,F,,,P1M,A,,,FM.M.GB.USD.RT.MM.USD3MFSR_.HSTA,,,,,,"See <a class=""external"" href=""http://sdw.ecb.europa.eu/web/generator/docu/rtdb_docu.pdf""> notes</a>; block Monthly; series: DG",,4,,,"US Dollar 3-month British Bankers` Association (BBA) Libor - Historical close, average of observations through period",Euro area (moving concept in the Real Time database context) - Rate - 3-month Libor interbank US dolar deposit rate - US dollar,PCPA,0
RTD.M.S0.N.C_USL3M.U,M,S0,N,C_USL3M,U,2009-08,0.4245185,A,F,,,P1M,A,,,FM.M.GB.USD.RT.MM.USD3MFSR_.HSTA,,,,,,"See <a class=""external"" href=""http://sdw.ecb.europa.eu/web/generator/docu/rtdb_docu.pdf""> notes</a>; block Monthly; series: DG",,4,,,"US Dollar 3-month British Bankers` Association (BBA) Libor - Historical close, average of observations through period",Euro area (moving concept in the Real Time database context) - Rate - 3-month Libor interbank US dolar deposit rate - US dollar,PCPA,0
RTD.M.S0.N.C_USL3M.U,M,S0,N,C_USL3M,U,2009-09,0.297949090909091,A,F,,,P1M,A,,,FM.M.GB.USD.RT.MM.USD3MFSR_.HSTA,,,,,,"See <a class=""external"" href=""http://sdw.ecb.europa.eu/web/generator/docu/rtdb_docu.pdf""> notes</a>; block Monthly; series: DG",,4,,,"US Dollar 3-month British Bankers` Association (BBA) Libor - Historical close, average of observations through period",Euro area (moving concept in the Real Time database context) - Rate - 3-month Libor interbank US dolar deposit rate - US dollar,PCPA,0
RTD.M.S0.N.C_USL3M.U,M,S0,N,C_USL3M,U,2009-10,0.283082272727273,A,F,,,P1M,A,,,FM.M.GB.USD.RT.MM.USD3MFSR_.HSTA,,,,,,"See <a class=""external"" href=""http://sdw.ecb.europa.eu/web/generator/docu/rtdb_docu.pdf""> notes</a>; block Monthly; series: DG",,4,,,"US Dollar 3-month British Bankers` Association (BBA) Libor - Historical close, average of observations through period",Euro area (moving concept in the Real Time database context) - Rate - 3-month Libor interbank US dolar deposit rate - US dollar,PCPA,0
RTD.M.S0.N.C_USL3M.U,M,S0,N,C_USL3M,U,2009-11,0.268140952380952,A,F,,,P1M,A,,,FM.M.GB.USD.RT.MM.USD3MFSR_.HSTA,,,,,,"See <a class=""external"" href=""http://sdw.ecb.europa.eu/web/generator/docu/rtdb_docu.pdf""> notes</a>; block Monthly; series: DG",,4,,,"US Dollar 3-month British Bankers` Association (BBA) Libor - Historical close, average of observations through period",Euro area (moving concept in the Real Time database context) - Rate - 3-month Libor interbank US dolar deposit rate - US dollar,PCPA,0
RTD.M.S0.N.C_USL3M.U,M,S0,N,C_USL3M,U,2009-12,0.253046190476191,A,F,,,P1M,A,,,FM.M.GB.USD.RT.MM.USD3MFSR_.HSTA,,,,,,"See <a class=""external"" href=""http://sdw.ecb.europa.eu/web/generator/docu/rtdb_docu.pdf""> notes</a>; block Monthly; series: DG",,4,,,"US Dollar 3-month British Bankers` Association (BBA) Libor - Historical close, average of observations through period",Euro area (moving concept in the Real Time database context) - Rate - 3-month Libor interbank US dolar deposit rate - US dollar,PCPA,0
RTD.M.S0.N.C_USL3M.U,M,S0,N,C_USL3M,U,2010-01,0.2501195,A,F,,,P1M,A,,,FM.M.GB.USD.RT.MM.USD3MFSR_.HSTA,,,,,,"See <a class=""external"" href=""http://sdw.ecb.europa.eu/web/generator/docu/rtdb_docu.pdf""> notes</a>; block Monthly; series: DG",,4,,,"US Dollar 3-month British Bankers` Association (BBA) Libor - Historical close, average of observations through period",Euro area (moving concept in the Real Time database context) - Rate - 3-month Libor interbank US dolar deposit rate - US dollar,PCPA,0
RTD.M.S0.N.C_USL3M.U,M,S0,N,C_USL3M,U,2010-02,0.2505195,A,F,,,P1M,A,,,FM.M.GB.USD.RT.MM.USD3MFSR_.HSTA,,,,,,"See <a class=""external"" href=""http://sdw.ecb.europa.eu/web/generator/docu/rtdb_docu.pdf""> notes</a>; block Monthly; series: DG",,4,,,"US Dollar 3-month British Bankers` Association (BBA) Libor - Historical close, average of observations through period",Euro area (moving concept in the Real Time database context) - Rate - 3-month Libor interbank US dolar deposit rate - US dollar,PCPA,0
RTD.M.S0.N.C_USL3M.U,M,S0,N,C_USL3M,U,2010-03,0.268424782608696,A,F,,,P1M,A,,,FM.M.GB.USD.RT.MM.USD3MFSR_.HSTA,,,,,,"See <a class=""external"" href=""http://sdw.ecb.europa.eu/web/generator/docu/rtdb_docu.pdf""> notes</a>; block Monthly; series: DG",,4,,,"US Dollar 3-month British Bankers` Association (BBA) Libor - Historical close, average of observations through period",Euro area (moving concept in the Real Time database context) - Rate - 3-month Libor interbank US dolar deposit rate - US dollar,PCPA,0
RTD.M.S0.N.C_USL3M.U,M,S0,N,C_USL3M,U,2010-04,0.3116065,A,F,,,P1M,A,,,FM.M.GB.USD.RT.MM.USD3MFSR_.HSTA,,,,,,"See <a class=""external"" href=""http://sdw.ecb.europa.eu/web/generator/docu/rtdb_docu.pdf""> notes</a>; block Monthly; series: DG",,4,,,"US Dollar 3-month British Bankers` Association (BBA) Libor - Historical close, average of observations through period",Euro area (moving concept in the Real Time database context) - Rate - 3-month Libor interbank US dolar deposit rate - US dollar,PCPA,0
RTD.M.S0.N.C_USL3M.U,M,S0,N,C_USL3M,U,2010-05,0.458514210526316,A,F,,,P1M,A,,,FM.M.GB.USD.RT.MM.USD3MFSR_.HSTA,,,,,,"See <a class=""external"" href=""http://sdw.ecb.europa.eu/web/generator/docu/rtdb_docu.pdf""> notes</a>; block Monthly; series: DG",,4,,,"US Dollar 3-month British Bankers` Association (BBA) Libor - Historical close, average of observations through period",Euro area (moving concept in the Real Time database context) - Rate - 3-month Libor interbank US dolar deposit rate - US dollar,PCPA,0
RTD.M.S0.N.C_USL3M.U,M,S0,N,C_USL3M,U,2010-06,0.536898636363636,A,F,,,P1M,A,,,FM.M.GB.USD.RT.MM.USD3MFSR_.HSTA,,,,,,"See <a class=""external"" href=""http://sdw.ecb.europa.eu/web/generator/docu/rtdb_docu.pdf""> notes</a>; block Monthly; series: DG",,4,,,"US Dollar 3-month British Bankers` Association (BBA) Libor - Historical close, average of observations through period",Euro area (moving concept in the Real Time database context) - Rate - 3-month Libor interbank US dolar deposit rate - US dollar,PCPA,0
RTD.M.S0.N.C_USL3M.U,M,S0,N,C_USL3M,U,2010-07,0.510327727272727,A,F,,,P1M,A,,,FM.M.GB.USD.RT.MM.USD3MFSR_.HSTA,,,,,,"See <a class=""external"" href=""http://sdw.ecb.europa.eu/web/generator/docu/rtdb_docu.pdf""> notes</a>; block Monthly; series: DG",,4,,,"US Dollar 3-month British Bankers` Association (BBA) Libor - Historical close, average of observations through period",Euro area (moving concept in the Real Time database context) - Rate - 3-month Libor interbank US dolar deposit rate - US dollar,PCPA,0
RTD.M.S0.N.C_USL3M.U,M,S0,N,C_USL3M,U,2010-08,0.362546666666667,A,F,,,P1M,A,,,FM.M.GB.USD.RT.MM.USD3MFSR_.HSTA,,,,,,"See <a class=""external"" href=""http://sdw.ecb.europa.eu/web/generator/docu/rtdb_docu.pdf""> notes</a>; block Monthly; series: DG",,4,,,"US Dollar 3-month British Bankers` Association (BBA) Libor - Historical close, average of observations through period",Euro area (moving concept in the Real Time database context) - Rate - 3-month Libor interbank US dolar deposit rate - US dollar,PCPA,0
RTD.M.S0.N.C_USL3M.U,M,S0,N,C_USL3M,U,2010-09,0.291365909090909,A,F,,,P1M,A,,,FM.M.GB.USD.RT.MM.USD3MFSR_.HSTA,,,,,,"See <a class=""external"" href=""http://sdw.ecb.europa.eu/web/generator/docu/rtdb_docu.pdf""> notes</a>; block Monthly; series: DG",,4,,,"US Dollar 3-month British Bankers` Association (BBA) Libor - Historical close, average of observations through period",Euro area (moving concept in the Real Time database context) - Rate - 3-month Libor interbank US dolar deposit rate - US dollar,PCPA,0
RTD.M.S0.N.C_USL3M.U,M,S0,N,C_USL3M,U,2010-10,0.28884,A,F,,,P1M,A,,,FM.M.GB.USD.RT.MM.USD3MFSR_.HSTA,,,,,,"See <a class=""external"" href=""http://sdw.ecb.europa.eu/web/generator/docu/rtdb_docu.pdf""> notes</a>; block Monthly; series: DG",,4,,,"US Dollar 3-month British Bankers` Association (BBA) Libor - Historical close, average of observations through period",Euro area (moving concept in the Real Time database context) - Rate - 3-month Libor interbank US dolar deposit rate - US dollar,PCPA,0
RTD.M.S0.N.C_USL3M.U,M,S0,N,C_USL3M,U,2010-11,0.287120454545455,A,F,,,P1M,A,,,FM.M.GB.USD.RT.MM.USD3MFSR_.HSTA,,,,,,"See <a class=""external"" href=""http://sdw.ecb.europa.eu/web/generator/docu/rtdb_docu.pdf""> notes</a>; block Monthly; series: DG",,4,,,"US Dollar 3-month British Bankers` Association (BBA) Libor - Historical close, average of observations through period",Euro area (moving concept in the Real Time database context) - Rate - 3-month Libor interbank US dolar deposit rate - US dollar,PCPA,0
RTD.M.S0.N.C_USL3M.U,M,S0,N,C_USL3M,U,2010-12,0.302723333333333,A,F,,,P1M,A,,,FM.M.GB.USD.RT.MM.USD3MFSR_.HSTA,,,,,,"See <a class=""external"" href=""http://sdw.ecb.europa.eu/web/generator/docu/rtdb_docu.pdf""> notes</a>; block Monthly; series: DG",,4,,,"US Dollar 3-month British Bankers` Association (BBA) Libor - Historical close, average of observations through period",Euro area (moving concept in the Real Time database context) - Rate - 3-month Libor interbank US dolar deposit rate - US dollar,PCPA,0
RTD.M.S0.N.C_USL3M.U,M,S0,N,C_USL3M,U,2011-01,0.3034105,A,F,,,P1M,A,,,FM.M.GB.USD.RT.MM.USD3MFSR_.HSTA,,,,,,"See <a class=""external"" href=""http://sdw.ecb.europa.eu/web/generator/docu/rtdb_docu.pdf""> notes</a>; block Monthly; series: DG",,4,,,"US Dollar 3-month British Bankers` Association (BBA) Libor - Historical close, average of observations through period",Euro area (moving concept in the Real Time database context) - Rate - 3-month Libor interbank US dolar deposit rate - US dollar,PCPA,0
RTD.M.S0.N.C_USL3M.U,M,S0,N,C_USL3M,U,2011-02,0.3119,A,F,,,P1M,A,,,FM.M.GB.USD.RT.MM.USD3MFSR_.HSTA,,,,,,"See <a class=""external"" href=""http://sdw.ecb.europa.eu/web/generator/docu/rtdb_docu.pdf""> notes</a>; block Monthly; series: DG",,4,,,"US Dollar 3-month British Bankers` Association (BBA) Libor - Historical close, average of observations through period",Euro area (moving concept in the Real Time database context) - Rate - 3-month Libor interbank US dolar deposit rate - US dollar,PCPA,0
RTD.M.S0.N.C_USL3M.U,M,S0,N,C_USL3M,U,2011-03,0.308434782608696,A,F,,,P1M,A,,,FM.M.GB.USD.RT.MM.USD3MFSR_.HSTA,,,,,,"See <a class=""external"" href=""http://sdw.ecb.europa.eu/web/generator/docu/rtdb_docu.pdf""> notes</a>; block Monthly; series: DG",,4,,,"US Dollar 3-month British Bankers` Association (BBA) Libor - Historical close, average of observations through period",Euro area (moving concept in the Real Time database context) - Rate - 3-month Libor interbank US dolar deposit rate - US dollar,PCPA,0
RTD.M.S0.N.C_USL3M.U,M,S0,N,C_USL3M,U,2011-04,0.281382222222222,A,F,,,P1M,A,,,FM.M.GB.USD.RT.MM.USD3MFSR_.HSTA,,,,,,"See <a class=""external"" href=""http://sdw.ecb.europa.eu/web/generator/docu/rtdb_docu.pdf""> notes</a>; block Monthly; series: DG",,4,,,"US Dollar 3-month British Bankers` Association (BBA) Libor - Historical close, average of observations through period",Euro area (moving concept in the Real Time database context) - Rate - 3-month Libor interbank US dolar deposit rate - US dollar,PCPA,0
RTD.M.S0.N.C_USL3M.U,M,S0,N,C_USL3M,U,2011-05,0.260713,A,F,,,P1M,A,,,FM.M.GB.USD.RT.MM.USD3MFSR_.HSTA,,,,,,"See <a class=""external"" href=""http://sdw.ecb.europa.eu/web/generator/docu/rtdb_docu.pdf""> notes</a>; block Monthly; series: DG",,4,,,"US Dollar 3-month British Bankers` Association (BBA) Libor - Historical close, average of observations through period",Euro area (moving concept in the Real Time database context) - Rate - 3-month Libor interbank US dolar deposit rate - US dollar,PCPA,0
RTD.M.S0.N.C_USL3M.U,M,S0,N,C_USL3M,U,2011-06,0.247824090909091,A,F,,,P1M,A,,,FM.M.GB.USD.RT.MM.USD3MFSR_.HSTA,,,,,,"See <a class=""external"" href=""http://sdw.ecb.europa.eu/web/generator/docu/rtdb_docu.pdf""> notes</a>; block Monthly; series: DG",,4,,,"US Dollar 3-month British Bankers` Association (BBA) Libor - Historical close, average of observations through period",Euro area (moving concept in the Real Time database context) - Rate - 3-month Libor interbank US dolar deposit rate - US dollar,PCPA,0
RTD.M.S0.N.C_USL3M.U,M,S0,N,C_USL3M,U,2011-07,0.249911904761905,A,F,,,P1M,A,,,FM.M.GB.USD.RT.MM.USD3MFSR_.HSTA,,,,,,"See <a class=""external"" href=""http://sdw.ecb.europa.eu/web/generator/docu/rtdb_docu.pdf""> notes</a>; block Monthly; series: DG",,4,,,"US Dollar 3-month British Bankers` Association (BBA) Libor - Historical close, average of observations through period",Euro area (moving concept in the Real Time database context) - Rate - 3-month Libor interbank US dolar deposit rate - US dollar,PCPA,0
RTD.M.S0.N.C_USL3M.U,M,S0,N,C_USL3M,U,2011-08,0.293237727272727,A,F,,,P1M,A,,,FM.M.GB.USD.RT.MM.USD3MFSR_.HSTA,,,,,,"See <a class=""external"" href=""http://sdw.ecb.europa.eu/web/generator/docu/rtdb_docu.pdf""> notes</a>; block Monthly; series: DG",,4,,,"US Dollar 3-month British Bankers` Association (BBA) Libor - Historical close, average of observations through period",Euro area (moving concept in the Real Time database context) - Rate - 3-month Libor interbank US dolar deposit rate - US dollar,PCPA,0
RTD.M.S0.N.C_USL3M.U,M,S0,N,C_USL3M,U,2011-09,0.350226818181818,A,F,,,P1M,A,,,FM.M.GB.USD.RT.MM.USD3MFSR_.HSTA,,,,,,"See <a class=""external"" href=""http://sdw.ecb.europa.eu/web/generator/docu/rtdb_docu.pdf""> notes</a>; block Monthly; series: DG",,4,,,"US Dollar 3-month British Bankers` Association (BBA) Libor - Historical close, average of observations through period",Euro area (moving concept in the Real Time database context) - Rate - 3-month Libor interbank US dolar deposit rate - US dollar,PCPA,0
RTD.M.S0.N.C_USL3M.U,M,S0,N,C_USL3M,U,2011-10,0.406478571428571,A,F,,,P1M,A,,,FM.M.GB.USD.RT.MM.USD3MFSR_.HSTA,,,,,,"See <a class=""external"" href=""http://sdw.ecb.europa.eu/web/generator/docu/rtdb_docu.pdf""> notes</a>; block Monthly; series: DG",,4,,,"US Dollar 3-month British Bankers` Association (BBA) Libor - Historical close, average of observations through period",Euro area (moving concept in the Real Time database context) - Rate - 3-month Libor interbank US dolar deposit rate - US dollar,PCPA,0
RTD.M.S0.N.C_USL3M.U,M,S0,N,C_USL3M,U,2011-11,0.475291818181818,A,F,,,P1M,A,,,FM.M.GB.USD.RT.MM.USD3MFSR_.HSTA,,,,,,"See <a class=""external"" href=""http://sdw.ecb.europa.eu/web/generator/docu/rtdb_docu.pdf""> notes</a>; block Monthly; series: DG",,4,,,"US Dollar 3-month British Bankers` Association (BBA) Libor - Historical close, average of observations through period",Euro area (moving concept in the Real Time database context) - Rate - 3-month Libor interbank US dolar deposit rate - US dollar,PCPA,0
RTD.M.S0.N.C_USL3M.U,M,S0,N,C_USL3M,U,2011-12,0.5557375,A,F,,,P1M,A,,,FM.M.GB.USD.RT.MM.USD3MFSR_.HSTA,,,,,,"See <a class=""external"" href=""http://sdw.ecb.europa.eu/web/generator/docu/rtdb_docu.pdf""> notes</a>; block Monthly; series: DG",,4,,,"US Dollar 3-month British Bankers` Association (BBA) Libor - Historical close, average of observations through period",Euro area (moving concept in the Real Time database context) - Rate - 3-month Libor interbank US dolar deposit rate - US dollar,PCPA,0
RTD.M.S0.N.C_USL3M.U,M,S0,N,C_USL3M,U,2012-01,0.5659,A,F,,,P1M,A,,,FM.M.GB.USD.RT.MM.USD3MFSR_.HSTA,,,,,,"See <a class=""external"" href=""http://sdw.ecb.europa.eu/web/generator/docu/rtdb_docu.pdf""> notes</a>; block Monthly; series: DG",,4,,,"US Dollar 3-month British Bankers` Association (BBA) Libor - Historical close, average of observations through period",Euro area (moving concept in the Real Time database context) - Rate - 3-month Libor interbank US dolar deposit rate - US dollar,PCPA,0
RTD.M.S0.N.C_USL3M.U,M,S0,N,C_USL3M,U,2012-02,0.503240476190476,A,F,,,P1M,A,,,FM.M.GB.USD.RT.MM.USD3MFSR_.HSTA,,,,,,"See <a class=""external"" href=""http://sdw.ecb.europa.eu/web/generator/docu/rtdb_docu.pdf""> notes</a>; block Monthly; series: DG",,4,,,"US Dollar 3-month British Bankers` Association (BBA) Libor - Historical close, average of observations through period",Euro area (moving concept in the Real Time database context) - Rate - 3-month Libor interbank US dolar deposit rate - US dollar,PCPA,0
RTD.M.S0.N.C_USL3M.U,M,S0,N,C_USL3M,U,2012-03,0.473288636363636,A,F,,,P1M,A,,,FM.M.GB.USD.RT.MM.USD3MFSR_.HSTA,,,,,,"See <a class=""external"" href=""http://sdw.ecb.europa.eu/web/generator/docu/rtdb_docu.pdf""> notes</a>; block Monthly; series: DG",,4,,,"US Dollar 3-month British Bankers` Association (BBA) Libor - Historical close, average of observations through period",Euro area (moving concept in the Real Time database context) - Rate - 3-month Libor interbank US dolar deposit rate - US dollar,PCPA,0
RTD.M.S0.N.C_USL3M.U,M,S0,N,C_USL3M,U,2012-04,0.466807894736842,A,F,,,P1M,A,,,FM.M.GB.USD.RT.MM.USD3MFSR_.HSTA,,,,,,"See <a class=""external"" href=""http://sdw.ecb.europa.eu/web/generator/docu/rtdb_docu.pdf""> notes</a>; block Monthly; series: DG",,4,,,"US Dollar 3-month British Bankers` Association (BBA) Libor - Historical close, average of observations through period",Euro area (moving concept in the Real Time database context) - Rate - 3-month Libor interbank US dolar deposit rate - US dollar,PCPA,0
RTD.M.S0.N.C_USL3M.U,M,S0,N,C_USL3M,U,2012-05,0.466531818181818,A,F,,,P1M,A,,,FM.M.GB.USD.RT.MM.USD3MFSR_.HSTA,,,,,,"See <a class=""external"" href=""http://sdw.ecb.europa.eu/web/generator/docu/rtdb_docu.pdf""> notes</a>; block Monthly; series: DG",,4,,,"US Dollar 3-month British Bankers` Association (BBA) Libor - Historical close, average of observations through period",Euro area (moving concept in the Real Time database context) - Rate - 3-month Libor interbank US dolar deposit rate - US dollar,PCPA,0
RTD.M.S0.N.C_USL3M.U,M,S0,N,C_USL3M,U,2012-06,0.465586842105263,A,F,,,P1M,A,,,FM.M.GB.USD.RT.MM.USD3MFSR_.HSTA,,,,,,"See <a class=""external"" href=""http://sdw.ecb.europa.eu/web/generator/docu/rtdb_docu.pdf""> notes</a>; block Monthly; series: DG",,4,,,"US Dollar 3-month British Bankers` Association (BBA) Libor - Historical close, average of observations through period",Euro area (moving concept in the Real Time database context) - Rate - 3-month Libor interbank US dolar deposit rate - US dollar,PCPA,0
RTD.M.S0.N.C_USL3M.U,M,S0,N,C_USL3M,U,2012-07,0.453554545454546,A,F,,,P1M,A,,,FM.M.GB.USD.RT.MM.USD3MFSR_.HSTA,,,,,,"See <a class=""external"" href=""http://sdw.ecb.europa.eu/web/generator/docu/rtdb_docu.pdf""> notes</a>; block Monthly; series: DG",,4,,,"US Dollar 3-month British Bankers` Association (BBA) Libor - Historical close, average of observations through period",Euro area (moving concept in the Real Time database context) - Rate - 3-month Libor interbank US dolar deposit rate - US dollar,PCPA,0
RTD.M.S0.N.C_USL3M.U,M,S0,N,C_USL3M,U,2012-08,0.4326,A,F,,,P1M,A,,,FM.M.GB.USD.RT.MM.USD3MFSR_.HSTA,,,,,,"See <a class=""external"" href=""http://sdw.ecb.europa.eu/web/generator/docu/rtdb_docu.pdf""> notes</a>; block Monthly; series: DG",,4,,,"US Dollar 3-month British Bankers` Association (BBA) Libor - Historical close, average of observations through period",Euro area (moving concept in the Real Time database context) - Rate - 3-month Libor interbank US dolar deposit rate - US dollar,PCPA,0
RTD.M.S0.N.C_USL3M.U,M,S0,N,C_USL3M,U,2012-09,0.3856325,A,F,,,P1M,A,,,FM.M.GB.USD.RT.MM.USD3MFSR_.HSTA,,,,,,"See <a class=""external"" href=""http://sdw.ecb.europa.eu/web/generator/docu/rtdb_docu.pdf""> notes</a>; block Monthly; series: DG",,4,,,"US Dollar 3-month British Bankers` Association (BBA) Libor - Historical close, average of observations through period",Euro area (moving concept in the Real Time database context) - Rate - 3-month Libor interbank US dolar deposit rate - US dollar,PCPA,0
RTD.M.S0.N.C_USL3M.U,M,S0,N,C_USL3M,U,2012-10,0.330489130434783,A,F,,,P1M,A,,,FM.M.GB.USD.RT.MM.USD3MFSR_.HSTA,,,,,,"See <a class=""external"" href=""http://sdw.ecb.europa.eu/web/generator/docu/rtdb_docu.pdf""> notes</a>; block Monthly; series: DG",,4,,,"US Dollar 3-month British Bankers` Association (BBA) Libor - Historical close, average of observations through period",Euro area (moving concept in the Real Time database context) - Rate - 3-month Libor interbank US dolar deposit rate - US dollar,PCPA,0
RTD.M.S0.N.C_USL3M.U,M,S0,N,C_USL3M,U,2012-11,0.311022727272727,A,F,,,P1M,A,,,FM.M.GB.USD.RT.MM.USD3MFSR_.HSTA,,,,,,"See <a class=""external"" href=""http://sdw.ecb.europa.eu/web/generator/docu/rtdb_docu.pdf""> notes</a>; block Monthly; series: DG",,4,,,"US Dollar 3-month British Bankers` Association (BBA) Libor - Historical close, average of observations through period",Euro area (moving concept in the Real Time database context) - Rate - 3-month Libor interbank US dolar deposit rate - US dollar,PCPA,0
RTD.M.S0.N.C_USL3M.U,M,S0,N,C_USL3M,U,2012-12,0.309473684210526,A,F,,,P1M,A,,,FM.M.GB.USD.RT.MM.USD3MFSR_.HSTA,,,,,,"See <a class=""external"" href=""http://sdw.ecb.europa.eu/web/generator/docu/rtdb_docu.pdf""> notes</a>; block Monthly; series: DG",,4,,,"US Dollar 3-month British Bankers` Association (BBA) Libor - Historical close, average of observations through period",Euro area (moving concept in the Real Time database context) - Rate - 3-month Libor interbank US dolar deposit rate - US dollar,PCPA,0
RTD.M.S0.N.C_USL3M.U,M,S0,N,C_USL3M,U,2013-01,0.302613636363636,A,F,,,P1M,A,,,FM.M.GB.USD.RT.MM.USD3MFSR_.HSTA,,,,,,"See <a class=""external"" href=""http://sdw.ecb.europa.eu/web/generator/docu/rtdb_docu.pdf""> notes</a>; block Monthly; series: DG",,4,,,"US Dollar 3-month British Bankers` Association (BBA) Libor - Historical close, average of observations through period",Euro area (moving concept in the Real Time database context) - Rate - 3-month Libor interbank US dolar deposit rate - US dollar,PCPA,0
RTD.M.S0.N.C_USL3M.U,M,S0,N,C_USL3M,U,2013-02,0.290495,A,F,,,P1M,A,,,FM.M.GB.USD.RT.MM.USD3MFSR_.HSTA,,,,,,"See <a class=""external"" href=""http://sdw.ecb.europa.eu/web/generator/docu/rtdb_docu.pdf""> notes</a>; block Monthly; series: DG",,4,,,"US Dollar 3-month British Bankers` Association (BBA) Libor - Historical close, average of observations through period",Euro area (moving concept in the Real Time database context) - Rate - 3-month Libor interbank US dolar deposit rate - US dollar,PCPA,0
RTD.M.S0.N.C_USL3M.U,M,S0,N,C_USL3M,U,2013-03,0.2819,A,F,,,P1M,A,,,FM.M.GB.USD.RT.MM.USD3MFSR_.HSTA,,,,,,"See <a class=""external"" href=""http://sdw.ecb.europa.eu/web/generator/docu/rtdb_docu.pdf""> notes</a>; block Monthly; series: DG",,4,,,"US Dollar 3-month British Bankers` Association (BBA) Libor - Historical close, average of observations through period",Euro area (moving concept in the Real Time database context) - Rate - 3-month Libor interbank US dolar deposit rate - US dollar,PCPA,0
RTD.M.S0.N.C_USL3M.U,M,S0,N,C_USL3M,U,2013-04,0.277142857142857,A,F,,,P1M,A,,,FM.M.GB.USD.RT.MM.USD3MFSR_.HSTA,,,,,,"See <a class=""external"" href=""http://sdw.ecb.europa.eu/web/generator/docu/rtdb_docu.pdf""> notes</a>; block Monthly; series: DG",,4,,,"US Dollar 3-month British Bankers` Association (BBA) Libor - Historical close, average of observations through period",Euro area (moving concept in the Real Time database context) - Rate - 3-month Libor interbank US dolar deposit rate - US dollar,PCPA,0
RTD.M.S0.N.C_USL3M.U,M,S0,N,C_USL3M,U,2013-05,0.274169047619048,A,F,,,P1M,A,,,FM.M.GB.USD.RT.MM.USD3MFSR_.HSTA,,,,,,"See <a class=""external"" href=""http://sdw.ecb.europa.eu/web/generator/docu/rtdb_docu.pdf""> notes</a>; block Monthly; series: DG",,4,,,"US Dollar 3-month British Bankers` Association (BBA) Libor - Historical close, average of observations through period",Euro area (moving concept in the Real Time database context) - Rate - 3-month Libor interbank US dolar deposit rate - US dollar,PCPA,0
RTD.M.S0.N.C_USL3M.U,M,S0,N,C_USL3M,U,2013-06,0.27374,A,F,,,P1M,A,,,FM.M.GB.USD.RT.MM.USD3MFSR_.HSTA,,,,,,"See <a class=""external"" href=""http://sdw.ecb.europa.eu/web/generator/docu/rtdb_docu.pdf""> notes</a>; block Monthly; series: DG",,4,,,"US Dollar 3-month British Bankers` Association (BBA) Libor - Historical close, average of observations through period",Euro area (moving concept in the Real Time database context) - Rate - 3-month Libor interbank US dolar deposit rate - US dollar,PCPA,0
RTD.M.S0.N.C_USL3M.U,M,S0,N,C_USL3M,U,2013-07,0.267582608695652,A,F,,,P1M,A,,,FM.M.GB.USD.RT.MM.USD3MFSR_.HSTA,,,,,,"See <a class=""external"" href=""http://sdw.ecb.europa.eu/web/generator/docu/rtdb_docu.pdf""> notes</a>; block Monthly; series: DG",,4,,,"US Dollar 3-month British Bankers` Association (BBA) Libor - Historical close, average of observations through period",Euro area (moving concept in the Real Time database context) - Rate - 3-month Libor interbank US dolar deposit rate - US dollar,PCPA,0
RTD.M.S0.N.C_USL3M.U,M,S0,N,C_USL3M,U,2013-08,0.263395238095238,A,F,,,P1M,A,,,FM.M.GB.USD.RT.MM.USD3MFSR_.HSTA,,,,,,"See <a class=""external"" href=""http://sdw.ecb.europa.eu/web/generator/docu/rtdb_docu.pdf""> notes</a>; block Monthly; series: DG",,4,,,"US Dollar 3-month British Bankers` Association (BBA) Libor - Historical close, average of observations through period",Euro area (moving concept in the Real Time database context) - Rate - 3-month Libor interbank US dolar deposit rate - US dollar,PCPA,0
RTD.M.S0.N.C_USL3M.U,M,S0,N,C_USL3M,U,2013-09,0.253178571428572,A,F,,,P1M,A,,,FM.M.GB.USD.RT.MM.USD3MFSR_.HSTA,,,,,,"See <a class=""external"" href=""http://sdw.ecb.europa.eu/web/generator/docu/rtdb_docu.pdf""> notes</a>; block Monthly; series: DG",,4,,,"US Dollar 3-month British Bankers` Association (BBA) Libor - Historical close, average of observations through period",Euro area (moving concept in the Real Time database context) - Rate - 3-month Libor interbank US dolar deposit rate - US dollar,PCPA,0
RTD.M.S0.N.C_USL3M.U,M,S0,N,C_USL3M,U,2013-10,0.241765217391304,A,F,,,P1M,A,,,FM.M.GB.USD.RT.MM.USD3MFSR_.HSTA,,,,,,"See <a class=""external"" href=""http://sdw.ecb.europa.eu/web/generator/docu/rtdb_docu.pdf""> notes</a>; block Monthly; series: DG",,4,,,"US Dollar 3-month British Bankers` Association (BBA) Libor - Historical close, average of observations through period",Euro area (moving concept in the Real Time database context) - Rate - 3-month Libor interbank US dolar deposit rate - US dollar,PCPA,0
RTD.M.S0.N.C_USL3M.U,M,S0,N,C_USL3M,U,2013-11,0.238245238095238,A,F,,,P1M,A,,,FM.M.GB.USD.RT.MM.USD3MFSR_.HSTA,,,,,,"See <a class=""external"" href=""http://sdw.ecb.europa.eu/web/generator/docu/rtdb_docu.pdf""> notes</a>; block Monthly; series: DG",,4,,,"US Dollar 3-month British Bankers` Association (BBA) Libor - Historical close, average of observations through period",Euro area (moving concept in the Real Time database context) - Rate - 3-month Libor interbank US dolar deposit rate - US dollar,PCPA,0
RTD.M.S0.N.C_USL3M.U,M,S0,N,C_USL3M,U,2013-12,0.2438975,A,F,,,P1M,A,,,FM.M.GB.USD.RT.MM.USD3MFSR_.HSTA,,,,,,"See <a class=""external"" href=""http://sdw.ecb.europa.eu/web/generator/docu/rtdb_docu.pdf""> notes</a>; block Monthly; series: DG",,4,,,"US Dollar 3-month British Bankers` Association (BBA) Libor - Historical close, average of observations through period",Euro area (moving concept in the Real Time database context) - Rate - 3-month Libor interbank US dolar deposit rate - US dollar,PCPA,0
RTD.M.S0.N.C_USL3M.U,M,S0,N,C_USL3M,U,2014-01,0.238229545454545,A,F,,,P1M,A,,,FM.M.GB.USD.RT.MM.USD3MFSR_.HSTA,,,,,,"See <a class=""external"" href=""http://sdw.ecb.europa.eu/web/generator/docu/rtdb_docu.pdf""> notes</a>; block Monthly; series: DG",,4,,,"US Dollar 3-month British Bankers` Association (BBA) Libor - Historical close, average of observations through period",Euro area (moving concept in the Real Time database context) - Rate - 3-month Libor interbank US dolar deposit rate - US dollar,PCPA,0
RTD.M.S0.N.C_USL3M.U,M,S0,N,C_USL3M,U,2014-02,0.2352025,A,F,,,P1M,A,,,FM.M.GB.USD.RT.MM.USD3MFSR_.HSTA,,,,,,"See <a class=""external"" href=""http://sdw.ecb.europa.eu/web/generator/docu/rtdb_docu.pdf""> notes</a>; block Monthly; series: DG",,4,,,"US Dollar 3-month British Bankers` Association (BBA) Libor - Historical close, average of observations through period",Euro area (moving concept in the Real Time database context) - Rate - 3-month Libor interbank US dolar deposit rate - US dollar,PCPA,0
RTD.M.S0.N.C_USL3M.U,M,S0,N,C_USL3M,U,2014-03,0.234097619047619,A,F,,,P1M,A,,,FM.M.GB.USD.RT.MM.USD3MFSR_.HSTA,,,,,,"See <a class=""external"" href=""http://sdw.ecb.europa.eu/web/generator/docu/rtdb_docu.pdf""> notes</a>; block Monthly; series: DG",,4,,,"US Dollar 3-month British Bankers` Association (BBA) Libor - Historical close, average of observations through period",Euro area (moving concept in the Real Time database context) - Rate - 3-month Libor interbank US dolar deposit rate - US dollar,PCPA,0
RTD.M.S0.N.C_USL3M.U,M,S0,N,C_USL3M,U,2014-04,0.227495,A,F,,,P1M,A,,,FM.M.GB.USD.RT.MM.USD3MFSR_.HSTA,,,,,,"See <a class=""external"" href=""http://sdw.ecb.europa.eu/web/generator/docu/rtdb_docu.pdf""> notes</a>; block Monthly; series: DG",,4,,,"US Dollar 3-month British Bankers` Association (BBA) Libor - Historical close, average of observations through period",Euro area (moving concept in the Real Time database context) - Rate - 3-month Libor interbank US dolar deposit rate - US dollar,PCPA,0
RTD.M.S0.N.C_USL3M.U,M,S0,N,C_USL3M,U,2014-05,0.22609,A,F,,,P1M,A,,,FM.M.GB.USD.RT.MM.USD3MFSR_.HSTA,,,,,,"See <a class=""external"" href=""http://sdw.ecb.europa.eu/web/generator/docu/rtdb_docu.pdf""> notes</a>; block Monthly; series: DG",,4,,,"US Dollar 3-month British Bankers` Association (BBA) Libor - Historical close, average of observations through period",Euro area (moving concept in the Real Time database context) - Rate - 3-month Libor interbank US dolar deposit rate - US dollar,PCPA,0
RTD.M.S0.N.C_USL3M.U,M,S0,N,C_USL3M,U,2014-06,0.230945238095238,A,F,,,P1M,A,,,FM.M.GB.USD.RT.MM.USD3MFSR_.HSTA,,,,,,"See <a class=""external"" href=""http://sdw.ecb.europa.eu/web/generator/docu/rtdb_docu.pdf""> notes</a>; block Monthly; series: DG",,4,,,"US Dollar 3-month British Bankers` Association (BBA) Libor - Historical close, average of observations through period",Euro area (moving concept in the Real Time database context) - Rate - 3-month Libor interbank US dolar deposit rate - US dollar,PCPA,0
RTD.M.S0.N.C_USL3M.U,M,S0,N,C_USL3M,U,2014-07,0.234173913043478,A,F,,,P1M,A,,,FM.M.GB.USD.RT.MM.USD3MFSR_.HSTA,,,,,,"See <a class=""external"" href=""http://sdw.ecb.europa.eu/web/generator/docu/rtdb_docu.pdf""> notes</a>; block Monthly; series: DG",,4,,,"US Dollar 3-month British Bankers` Association (BBA) Libor - Historical close, average of observations through period",Euro area (moving concept in the Real Time database context) - Rate - 3-month Libor interbank US dolar deposit rate - US dollar,PCPA,0
RTD.M.S0.N.C_USL3M.U,M,S0,N,C_USL3M,U,2014-08,0.23465,A,F,,,P1M,A,,,FM.M.GB.USD.RT.MM.USD3MFSR_.HSTA,,,,,,"See <a class=""external"" href=""http://sdw.ecb.europa.eu/web/generator/docu/rtdb_docu.pdf""> notes</a>; block Monthly; series: DG",,4,,,"US Dollar 3-month British Bankers` Association (BBA) Libor - Historical close, average of observations through period",Euro area (moving concept in the Real Time database context) - Rate - 3-month Libor interbank US dolar deposit rate - US dollar,PCPA,0
RTD.M.S0.N.C_USL3M.U,M,S0,N,C_USL3M,U,2014-09,0.234031818181818,A,F,,,P1M,A,,,FM.M.GB.USD.RT.MM.USD3MFSR_.HSTA,,,,,,"See <a class=""external"" href=""http://sdw.ecb.europa.eu/web/generator/docu/rtdb_docu.pdf""> notes</a>; block Monthly; series: DG",,4,,,"US Dollar 3-month British Bankers` Association (BBA) Libor - Historical close, average of observations through period",Euro area (moving concept in the Real Time database context) - Rate - 3-month Libor interbank US dolar deposit rate - US dollar,PCPA,0
RTD.M.S0.N.C_USL3M.U,M,S0,N,C_USL3M,U,2014-10,0.231376086956522,A,F,,,P1M,A,,,FM.M.GB.USD.RT.MM.USD3MFSR_.HSTA,,,,,,"See <a class=""external"" href=""http://sdw.ecb.europa.eu/web/generator/docu/rtdb_docu.pdf""> notes</a>; block Monthly; series: DG",,4,,,"US Dollar 3-month British Bankers` Association (BBA) Libor - Historical close, average of observations through period",Euro area (moving concept in the Real Time database context) - Rate - 3-month Libor interbank US dolar deposit rate - US dollar,PCPA,0
RTD.M.S0.N.C_USL3M.U,M,S0,N,C_USL3M,U,2014-11,0.2328625,A,F,,,P1M,A,,,FM.M.GB.USD.RT.MM.USD3MFSR_.HSTA,,,,,,"See <a class=""external"" href=""http://sdw.ecb.europa.eu/web/generator/docu/rtdb_docu.pdf""> notes</a>; block Monthly; series: DG",,4,,,"US Dollar 3-month British Bankers` Association (BBA) Libor - Historical close, average of observations through period",Euro area (moving concept in the Real Time database context) - Rate - 3-month Libor interbank US dolar deposit rate - US dollar,PCPA,0
RTD.M.S0.N.C_USL3M.U,M,S0,N,C_USL3M,U,2014-12,0.244607142857143,A,F,,,P1M,A,,,FM.M.GB.USD.RT.MM.USD3MFSR_.HSTA,,,,,,"See <a class=""external"" href=""http://sdw.ecb.europa.eu/web/generator/docu/rtdb_docu.pdf""> notes</a>; block Monthly; series: DG",,4,,,"US Dollar 3-month British Bankers` Association (BBA) Libor - Historical close, average of observations through period",Euro area (moving concept in the Real Time database context) - Rate - 3-month Libor interbank US dolar deposit rate - US dollar,PCPA,0
RTD.M.S0.N.C_USL3M.U,M,S0,N,C_USL3M,U,2015-01,0.254319047619048,A,F,,,P1M,A,,,FM.M.GB.USD.RT.MM.USD3MFSR_.HSTA,,,,,,"See <a class=""external"" href=""http://sdw.ecb.europa.eu/web/generator/docu/rtdb_docu.pdf""> notes</a>; block Monthly; series: DG",,4,,,"US Dollar 3-month British Bankers` Association (BBA) Libor - Historical close, average of observations through period",Euro area (moving concept in the Real Time database context) - Rate - 3-month Libor interbank US dolar deposit rate - US dollar,PCPA,0
RTD.M.S0.N.C_USL3M.U,M,S0,N,C_USL3M,U,2015-02,0.25842,A,F,,,P1M,A,,,FM.M.GB.USD.RT.MM.USD3MFSR_.HSTA,,,,,,"See <a class=""external"" href=""http://sdw.ecb.europa.eu/web/generator/docu/rtdb_docu.pdf""> notes</a>; block Monthly; series: DG",,4,,,"US Dollar 3-month British Bankers` Association (BBA) Libor - Historical close, average of observations through period",Euro area (moving concept in the Real Time database context) - Rate - 3-month Libor interbank US dolar deposit rate - US dollar,PCPA,0
RTD.M.S0.N.C_USL3M.U,M,S0,N,C_USL3M,U,2015-03,0.268297727272727,A,F,,,P1M,A,,,FM.M.GB.USD.RT.MM.USD3MFSR_.HSTA,,,,,,"See <a class=""external"" href=""http://sdw.ecb.europa.eu/web/generator/docu/rtdb_docu.pdf""> notes</a>; block Monthly; series: DG",,4,,,"US Dollar 3-month British Bankers` Association (BBA) Libor - Historical close, average of observations through period",Euro area (moving concept in the Real Time database context) - Rate - 3-month Libor interbank US dolar deposit rate - US dollar,PCPA,0
RTD.M.S0.N.C_USL3M.U,M,S0,N,C_USL3M,U,2015-04,0.27596,A,F,,,P1M,A,,,FM.M.GB.USD.RT.MM.USD3MFSR_.HSTA,,,,,,"See <a class=""external"" href=""http://sdw.ecb.europa.eu/web/generator/docu/rtdb_docu.pdf""> notes</a>; block Monthly; series: DG",,4,,,"US Dollar 3-month British Bankers` Association (BBA) Libor - Historical close, average of observations through period",Euro area (moving concept in the Real Time database context) - Rate - 3-month Libor interbank US dolar deposit rate - US dollar,PCPA,0
RTD.M.S0.N.C_USL3M.U,M,S0,N,C_USL3M,U,2015-05,0.279536842105263,A,F,,,P1M,A,,,FM.M.GB.USD.RT.MM.USD3MFSR_.HSTA,,,,,,"See <a class=""external"" href=""http://sdw.ecb.europa.eu/web/generator/docu/rtdb_docu.pdf""> notes</a>; block Monthly; series: DG",,4,,,"US Dollar 3-month British Bankers` Association (BBA) Libor - Historical close, average of observations through period",Euro area (moving concept in the Real Time database context) - Rate - 3-month Libor interbank US dolar deposit rate - US dollar,PCPA,0
RTD.M.S0.N.C_USL3M.U,M,S0,N,C_USL3M,U,2015-06,0.282711363636364,A,F,,,P1M,A,,,FM.M.GB.USD.RT.MM.USD3MFSR_.HSTA,,,,,,"See <a class=""external"" href=""http://sdw.ecb.europa.eu/web/generator/docu/rtdb_docu.pdf""> notes</a>; block Monthly; series: DG",,4,,,"US Dollar 3-month British Bankers` Association (BBA) Libor - Historical close, average of observations through period",Euro area (moving concept in the Real Time database context) - Rate - 3-month Libor interbank US dolar deposit rate - US dollar,PCPA,0
RTD.M.S0.N.C_USL3M.U,M,S0,N,C_USL3M,U,2015-07,0.290669565217391,A,F,,,P1M,A,,,FM.M.GB.USD.RT.MM.USD3MFSR_.HSTA,,,,,,"See <a class=""external"" href=""http://sdw.ecb.europa.eu/web/generator/docu/rtdb_docu.pdf""> notes</a>; block Monthly; series: DG",,4,,,"US Dollar 3-month British Bankers` Association (BBA) Libor - Historical close, average of observations through period",Euro area (moving concept in the Real Time database context) - Rate - 3-month Libor interbank US dolar deposit rate - US dollar,PCPA,0
RTD.M.S0.N.C_USL3M.U,M,S0,N,C_USL3M,U,2015-08,0.3207975,A,F,,,P1M,A,,,FM.M.GB.USD.RT.MM.USD3MFSR_.HSTA,,,,,,"See <a class=""external"" href=""http://sdw.ecb.europa.eu/web/generator/docu/rtdb_docu.pdf""> notes</a>; block Monthly; series: DG",,4,,,"US Dollar 3-month British Bankers` Association (BBA) Libor - Historical close, average of observations through period",Euro area (moving concept in the Real Time database context) - Rate - 3-month Libor interbank US dolar deposit rate - US dollar,PCPA,0
RTD.M.S0.N.C_USL3M.U,M,S0,N,C_USL3M,U,2015-09,0.331111363636364,A,F,,,P1M,A,,,FM.M.GB.USD.RT.MM.USD3MFSR_.HSTA,,,,,,"See <a class=""external"" href=""http://sdw.ecb.europa.eu/web/generator/docu/rtdb_docu.pdf""> notes</a>; block Monthly; series: DG",,4,,,"US Dollar 3-month British Bankers` Association (BBA) Libor - Historical close, average of observations through period",Euro area (moving concept in the Real Time database context) - Rate - 3-month Libor interbank US dolar deposit rate - US dollar,PCPA,0
RTD.M.S0.N.C_USL3M.U,M,S0,N,C_USL3M,U,2015-10,0.321359090909091,A,F,,,P1M,A,,,FM.M.GB.USD.RT.MM.USD3MFSR_.HSTA,,,,,,"See <a class=""external"" href=""http://sdw.ecb.europa.eu/web/generator/docu/rtdb_docu.pdf""> notes</a>; block Monthly; series: DG",,4,,,"US Dollar 3-month British Bankers` Association (BBA) Libor - Historical close, average of observations through period",Euro area (moving concept in the Real Time database context) - Rate - 3-month Libor interbank US dolar deposit rate - US dollar,PCPA,0
RTD.M.S0.N.C_USL3M.U,M,S0,N,C_USL3M,U,2015-11,0.370971428571429,A,F,,,P1M,A,,,FM.M.GB.USD.RT.MM.USD3MFSR_.HSTA,,,,,,"See <a class=""external"" href=""http://sdw.ecb.europa.eu/web/generator/docu/rtdb_docu.pdf""> notes</a>; block Monthly; series: DG",,4,,,"US Dollar 3-month British Bankers` Association (BBA) Libor - Historical close, average of observations through period",Euro area (moving concept in the Real Time database context) - Rate - 3-month Libor interbank US dolar deposit rate - US dollar,PCPA,0
RTD.M.S0.N.C_USL3M.U,M,S0,N,C_USL3M,U,2015-12,0.533235714285714,A,F,,,P1M,A,,,FM.M.GB.USD.RT.MM.USD3MFSR_.HSTA,,,,,,"See <a class=""external"" href=""http://sdw.ecb.europa.eu/web/generator/docu/rtdb_docu.pdf""> notes</a>; block Monthly; series: DG",,4,,,"US Dollar 3-month British Bankers` Association (BBA) Libor - Historical close, average of observations through period",Euro area (moving concept in the Real Time database context) - Rate - 3-month Libor interbank US dolar deposit rate - US dollar,PCPA,0
RTD.M.S0.N.C_USL3M.U,M,S0,N,C_USL3M,U,2016-01,0.6195525,A,F,,,P1M,A,,,FM.M.GB.USD.RT.MM.USD3MFSR_.HSTA,,,,,,"See <a class=""external"" href=""http://sdw.ecb.europa.eu/web/generator/docu/rtdb_docu.pdf""> notes</a>; block Monthly; series: DG",,4,,,"US Dollar 3-month British Bankers` Association (BBA) Libor - Historical close, average of observations through period",Euro area (moving concept in the Real Time database context) - Rate - 3-month Libor interbank US dolar deposit rate - US dollar,PCPA,0
RTD.M.S0.N.C_USL3M.U,M,S0,N,C_USL3M,U,2016-02,0.622719047619048,A,F,,,P1M,A,,,FM.M.GB.USD.RT.MM.USD3MFSR_.HSTA,,,,,,"See <a class=""external"" href=""http://sdw.ecb.europa.eu/web/generator/docu/rtdb_docu.pdf""> notes</a>; block Monthly; series: DG",,4,,,"US Dollar 3-month British Bankers` Association (BBA) Libor - Historical close, average of observations through period",Euro area (moving concept in the Real Time database context) - Rate - 3-month Libor interbank US dolar deposit rate - US dollar,PCPA,0
RTD.M.S0.N.C_USL3M.U,M,S0,N,C_USL3M,U,2016-03,0.632,A,F,,,P1M,A,,,FM.M.GB.USD.RT.MM.USD3MFSR_.HSTA,,,,,,"See <a class=""external"" href=""http://sdw.ecb.europa.eu/web/generator/docu/rtdb_docu.pdf""> notes</a>; block Monthly; series: DG",,4,,,"US Dollar 3-month British Bankers` Association (BBA) Libor - Historical close, average of observations through period",Euro area (moving concept in the Real Time database context) - Rate - 3-month Libor interbank US dolar deposit rate - US dollar,PCPA,0
RTD.M.S0.N.C_USL3M.U,M,S0,N,C_USL3M,U,2016-04,0.63275,A,F,,,P1M,A,,,FM.M.GB.USD.RT.MM.USD3MFSR_.HSTA,,,,,,"See <a class=""external"" href=""http://sdw.ecb.europa.eu/web/generator/docu/rtdb_docu.pdf""> notes</a>; block Monthly; series: DG",,4,,,"US Dollar 3-month British Bankers` Association (BBA) Libor - Historical close, average of observations through period",Euro area (moving concept in the Real Time database context) - Rate - 3-month Libor interbank US dolar deposit rate - US dollar,PCPA,0
RTD.M.S0.N.C_USL3M.U,M,S0,N,C_USL3M,U,2016-05,0.6447725,A,F,,,P1M,A,,,FM.M.GB.USD.RT.MM.USD3MFSR_.HSTA,,,,,,"See <a class=""external"" href=""http://sdw.ecb.europa.eu/web/generator/docu/rtdb_docu.pdf""> notes</a>; block Monthly; series: DG",,4,,,"US Dollar 3-month British Bankers` Association (BBA) Libor - Historical close, average of observations through period",Euro area (moving concept in the Real Time database context) - Rate - 3-month Libor interbank US dolar deposit rate - US dollar,PCPA,0
RTD.M.S0.N.C_USL3M.U,M,S0,N,C_USL3M,U,2016-06,0.651620454545455,A,F,,,P1M,A,,,FM.M.GB.USD.RT.MM.USD3MFSR_.HSTA,,,,,,"See <a class=""external"" href=""http://sdw.ecb.europa.eu/web/generator/docu/rtdb_docu.pdf""> notes</a>; block Monthly; series: DG",,4,,,"US Dollar 3-month British Bankers` Association (BBA) Libor - Historical close, average of observations through period",Euro area (moving concept in the Real Time database context) - Rate - 3-month Libor interbank US dolar deposit rate - US dollar,PCPA,0
RTD.M.S0.N.C_USL3M.U,M,S0,N,C_USL3M,U,2016-07,0.696309523809524,A,F,,,P1M,A,,,FM.M.GB.USD.RT.MM.USD3MFSR_.HSTA,,,,,,"See <a class=""external"" href=""http://sdw.ecb.europa.eu/web/generator/docu/rtdb_docu.pdf""> notes</a>; block Monthly; series: DG",,4,,,"US Dollar 3-month British Bankers` Association (BBA) Libor - Historical close, average of observations through period",Euro area (moving concept in the Real Time database context) - Rate - 3-month Libor interbank US dolar deposit rate - US dollar,PCPA,0
RTD.M.S0.N.C_USL3M.U,M,S0,N,C_USL3M,U,2016-08,0.810223181818182,A,F,,,P1M,A,,,FM.M.GB.USD.RT.MM.USD3MFSR_.HSTA,,,,,,"See <a class=""external"" href=""http://sdw.ecb.europa.eu/web/generator/docu/rtdb_docu.pdf""> notes</a>; block Monthly; series: DG",,4,,,"US Dollar 3-month British Bankers` Association (BBA) Libor - Historical close, average of observations through period",Euro area (moving concept in the Real Time database context) - Rate - 3-month Libor interbank US dolar deposit rate - US dollar,PCPA,0
RTD.M.S0.N.C_USL3M.U,M,S0,N,C_USL3M,U,2016-09,0.849680454545455,A,F,,,P1M,A,,,FM.M.GB.USD.RT.MM.USD3MFSR_.HSTA,,,,,,"See <a class=""external"" href=""http://sdw.ecb.europa.eu/web/generator/docu/rtdb_docu.pdf""> notes</a>; block Monthly; series: DG",,4,,,"US Dollar 3-month British Bankers` Association (BBA) Libor - Historical close, average of observations through period",Euro area (moving concept in the Real Time database context) - Rate - 3-month Libor interbank US dolar deposit rate - US dollar,PCPA,0
RTD.M.S0.N.C_USL3M.U,M,S0,N,C_USL3M,U,2016-10,0.878682857142857,A,F,,,P1M,A,,,FM.M.GB.USD.RT.MM.USD3MFSR_.HSTA,,,,,,"See <a class=""external"" href=""http://sdw.ecb.europa.eu/web/generator/docu/rtdb_docu.pdf""> notes</a>; block Monthly; series: DG",,4,,,"US Dollar 3-month British Bankers` Association (BBA) Libor - Historical close, average of observations through period",Euro area (moving concept in the Real Time database context) - Rate - 3-month Libor interbank US dolar deposit rate - US dollar,PCPA,0
RTD.M.S0.N.C_USL3M.U,M,S0,N,C_USL3M,U,2016-11,0.908464090909091,A,F,,,P1M,A,,,FM.M.GB.USD.RT.MM.USD3MFSR_.HSTA,,,,,,"See <a class=""external"" href=""http://sdw.ecb.europa.eu/web/generator/docu/rtdb_docu.pdf""> notes</a>; block Monthly; series: DG",,4,,,"US Dollar 3-month British Bankers` Association (BBA) Libor - Historical close, average of observations through period",Euro area (moving concept in the Real Time database context) - Rate - 3-month Libor interbank US dolar deposit rate - US dollar,PCPA,0
RTD.M.S0.N.C_USL3M.U,M,S0,N,C_USL3M,U,2016-12,0.9753285,A,F,,,P1M,A,,,FM.M.GB.USD.RT.MM.USD3MFSR_.HSTA,,,,,,"See <a class=""external"" href=""http://sdw.ecb.europa.eu/web/generator/docu/rtdb_docu.pdf""> notes</a>; block Monthly; series: DG",,4,,,"US Dollar 3-month British Bankers` Association (BBA) Libor - Historical close, average of observations through period",Euro area (moving concept in the Real Time database context) - Rate - 3-month Libor interbank US dolar deposit rate - US dollar,PCPA,0
RTD.M.S0.N.C_USL3M.U,M,S0,N,C_USL3M,U,2017-01,1.025692857142857,A,F,,,P1M,A,,,FM.M.GB.USD.RT.MM.USD3MFSR_.HSTA,,,,,,"See <a class=""external"" href=""http://sdw.ecb.europa.eu/web/generator/docu/rtdb_docu.pdf""> notes</a>; block Monthly; series: DG",,4,,,"US Dollar 3-month British Bankers` Association (BBA) Libor - Historical close, average of observations through period",Euro area (moving concept in the Real Time database context) - Rate - 3-month Libor interbank US dolar deposit rate - US dollar,PCPA,0
RTD.M.S0.N.C_USL3M.U,M,S0,N,C_USL3M,U,2017-02,1.0445965,A,F,,,P1M,A,,,FM.M.GB.USD.RT.MM.USD3MFSR_.HSTA,,,,,,"See <a class=""external"" href=""http://sdw.ecb.europa.eu/web/generator/docu/rtdb_docu.pdf""> notes</a>; block Monthly; series: DG",,4,,,"US Dollar 3-month British Bankers` Association (BBA) Libor - Historical close, average of observations through period",Euro area (moving concept in the Real Time database context) - Rate - 3-month Libor interbank US dolar deposit rate - US dollar,PCPA,0
RTD.M.S0.N.C_USL3M.U,M,S0,N,C_USL3M,U,2017-03,1.134713043478261,A,F,,,P1M,A,,,FM.M.GB.USD.RT.MM.USD3MFSR_.HSTA,,,,,,"See <a class=""external"" href=""http://sdw.ecb.europa.eu/web/generator/docu/rtdb_docu.pdf""> notes</a>; block Monthly; series: DG",,4,,,"US Dollar 3-month British Bankers` Association (BBA) Libor - Historical close, average of observations through period",Euro area (moving concept in the Real Time database context) - Rate - 3-month Libor interbank US dolar deposit rate - US dollar,PCPA,0
RTD.M.S0.N.C_USL3M.U,M,S0,N,C_USL3M,U,2017-04,1.159030555555556,A,F,,,P1M,A,,,FM.M.GB.USD.RT.MM.USD3MFSR_.HSTA,,,,,,"See <a class=""external"" href=""http://sdw.ecb.europa.eu/web/generator/docu/rtdb_docu.pdf""> notes</a>; block Monthly; series: DG",,4,,,"US Dollar 3-month British Bankers` Association (BBA) Libor - Historical close, average of observations through period",Euro area (moving concept in the Real Time database context) - Rate - 3-month Libor interbank US dolar deposit rate - US dollar,PCPA,0
RTD.M.S0.N.C_USL3M.U,M,S0,N,C_USL3M,U,2017-05,1.185849523809524,A,F,,,P1M,A,,,FM.M.GB.USD.RT.MM.USD3MFSR_.HSTA,,,,,,"See <a class=""external"" href=""http://sdw.ecb.europa.eu/web/generator/docu/rtdb_docu.pdf""> notes</a>; block Monthly; series: DG",,4,,,"US Dollar 3-month British Bankers` Association (BBA) Libor - Historical close, average of observations through period",Euro area (moving concept in the Real Time database context) - Rate - 3-month Libor interbank US dolar deposit rate - US dollar,PCPA,0
RTD.M.S0.N.C_USL3M.U,M,S0,N,C_USL3M,U,2017-06,1.262409545454545,A,F,,,P1M,A,,,FM.M.GB.USD.RT.MM.USD3MFSR_.HSTA,,,,,,"See <a class=""external"" href=""http://sdw.ecb.europa.eu/web/generator/docu/rtdb_docu.pdf""> notes</a>; block Monthly; series: DG",,4,,,"US Dollar 3-month British Bankers` Association (BBA) Libor - Historical close, average of observations through period",Euro area (moving concept in the Real Time database context) - Rate - 3-month Libor interbank US dolar deposit rate - US dollar,PCPA,0
RTD.M.S0.N.C_USL3M.U,M,S0,N,C_USL3M,U,2017-07,1.307512857142857,A,F,,,P1M,A,,,FM.M.GB.USD.RT.MM.USD3MFSR_.HSTA,,,,,,"See <a class=""external"" href=""http://sdw.ecb.europa.eu/web/generator/docu/rtdb_docu.pdf""> notes</a>; block Monthly; series: DG",,4,,,"US Dollar 3-month British Bankers` Association (BBA) Libor - Historical close, average of observations through period",Euro area (moving concept in the Real Time database context) - Rate - 3-month Libor interbank US dolar deposit rate - US dollar,PCPA,0
RTD.M.S0.N.C_USL3M.U,M,S0,N,C_USL3M,U,2017-08,1.314176818181818,A,F,,,P1M,A,,,FM.M.GB.USD.RT.MM.USD3MFSR_.HSTA,,,,,,"See <a class=""external"" href=""http://sdw.ecb.europa.eu/web/generator/docu/rtdb_docu.pdf""> notes</a>; block Monthly; series: DG",,4,,,"US Dollar 3-month British Bankers` Association (BBA) Libor - Historical close, average of observations through period",Euro area (moving concept in the Real Time database context) - Rate - 3-month Libor interbank US dolar deposit rate - US dollar,PCPA,0
RTD.M.S0.N.C_USL3M.U,M,S0,N,C_USL3M,U,2017-09,1.323295714285714,A,F,,,P1M,A,,,FM.M.GB.USD.RT.MM.USD3MFSR_.HSTA,,,,,,"See <a class=""external"" href=""http://sdw.ecb.europa.eu/web/generator/docu/rtdb_docu.pdf""> notes</a>; block Monthly; series: DG",,4,,,"US Dollar 3-month British Bankers` Association (BBA) Libor - Historical close, average of observations through period",Euro area (moving concept in the Real Time database context) - Rate - 3-month Libor interbank US dolar deposit rate - US dollar,PCPA,0
RTD.M.S0.N.C_USL3M.U,M,S0,N,C_USL3M,U,2017-10,1.360793181818182,A,F,,,P1M,A,,,FM.M.GB.USD.RT.MM.USD3MFSR_.HSTA,,,,,,"See <a class=""external"" href=""http://sdw.ecb.europa.eu/web/generator/docu/rtdb_docu.pdf""> notes</a>; block Monthly; series: DG",,4,,,"US Dollar 3-month British Bankers` Association (BBA) Libor - Historical close, average of observations through period",Euro area (moving concept in the Real Time database context) - Rate - 3-month Libor interbank US dolar deposit rate - US dollar,PCPA,0
RTD.M.S0.N.C_USL3M.U,M,S0,N,C_USL3M,U,2017-11,1.434204090909091,A,F,,,P1M,A,,,FM.M.GB.USD.RT.MM.USD3MFSR_.HSTA,,,,,,"See <a class=""external"" href=""http://sdw.ecb.europa.eu/web/generator/docu/rtdb_docu.pdf""> notes</a>; block Monthly; series: DG",,4,,,"US Dollar 3-month British Bankers` Association (BBA) Libor - Historical close, average of observations through period",Euro area (moving concept in the Real Time database context) - Rate - 3-month Libor interbank US dolar deposit rate - US dollar,PCPA,0
RTD.M.S0.N.C_USL3M.U,M,S0,N,C_USL3M,U,2017-12,1.601752105263158,A,F,,,P1M,A,,,FM.M.GB.USD.RT.MM.USD3MFSR_.HSTA,,,,,,"See <a class=""external"" href=""http://sdw.ecb.europa.eu/web/generator/docu/rtdb_docu.pdf""> notes</a>; block Monthly; series: DG",,4,,,"US Dollar 3-month British Bankers` Association (BBA) Libor - Historical close, average of observations through period",Euro area (moving concept in the Real Time database context) - Rate - 3-month Libor interbank US dolar deposit rate - US dollar,PCPA,0
RTD.M.S0.N.C_USL3M.U,M,S0,N,C_USL3M,U,2018-01,1.733970909090909,A,F,,,P1M,A,,,FM.M.GB.USD.RT.MM.USD3MFSR_.HSTA,,,,,,"See <a class=""external"" href=""http://sdw.ecb.europa.eu/web/generator/docu/rtdb_docu.pdf""> notes</a>; block Monthly; series: DG",,4,,,"US Dollar 3-month British Bankers` Association (BBA) Libor - Historical close, average of observations through period",Euro area (moving concept in the Real Time database context) - Rate - 3-month Libor interbank US dolar deposit rate - US dollar,PCPA,0
RTD.M.S0.N.C_USL3M.U,M,S0,N,C_USL3M,U,2018-02,1.874672,A,F,,,P1M,A,,,FM.M.GB.USD.RT.MM.USD3MFSR_.HSTA,,,,,,"See <a class=""external"" href=""http://sdw.ecb.europa.eu/web/generator/docu/rtdb_docu.pdf""> notes</a>; block Monthly; series: DG",,4,,,"US Dollar 3-month British Bankers` Association (BBA) Libor - Historical close, average of observations through period",Euro area (moving concept in the Real Time database context) - Rate - 3-month Libor interbank US dolar deposit rate - US dollar,PCPA,0
RTD.M.S0.N.C_USL3M.U,M,S0,N,C_USL3M,U,2018-03,2.173357619047619,A,F,,,P1M,A,,,FM.M.GB.USD.RT.MM.USD3MFSR_.HSTA,,,,,,"See <a class=""external"" href=""http://sdw.ecb.europa.eu/web/generator/docu/rtdb_docu.pdf""> notes</a>; block Monthly; series: DG",,4,,,"US Dollar 3-month British Bankers` Association (BBA) Libor - Historical close, average of observations through period",Euro area (moving concept in the Real Time database context) - Rate - 3-month Libor interbank US dolar deposit rate - US dollar,PCPA,0
RTD.M.S0.N.C_USL3M.U,M,S0,N,C_USL3M,U,2018-04,2.349426,A,F,,,P1M,A,,,FM.M.GB.USD.RT.MM.USD3MFSR_.HSTA,,,,,,"See <a class=""external"" href=""http://sdw.ecb.europa.eu/web/generator/docu/rtdb_docu.pdf""> notes</a>; block Monthly; series: DG",,4,,,"US Dollar 3-month British Bankers` Association (BBA) Libor - Historical close, average of observations through period",Euro area (moving concept in the Real Time database context) - Rate - 3-month Libor interbank US dolar deposit rate - US dollar,PCPA,0
RTD.M.S0.N.C_USL3M.U,M,S0,N,C_USL3M,U,2018-05,2.335608571428571,A,F,,,P1M,A,,,FM.M.GB.USD.RT.MM.USD3MFSR_.HSTA,,,,,,"See <a class=""external"" href=""http://sdw.ecb.europa.eu/web/generator/docu/rtdb_docu.pdf""> notes</a>; block Monthly; series: DG",,4,,,"US Dollar 3-month British Bankers` Association (BBA) Libor - Historical close, average of observations through period",Euro area (moving concept in the Real Time database context) - Rate - 3-month Libor interbank US dolar deposit rate - US dollar,PCPA,0
RTD.M.S0.N.C_USL3M.U,M,S0,N,C_USL3M,U,2018-06,2.330264285714286,A,F,,,P1M,A,,,FM.M.GB.USD.RT.MM.USD3MFSR_.HSTA,,,,,,"See <a class=""external"" href=""http://sdw.ecb.europa.eu/web/generator/docu/rtdb_docu.pdf""> notes</a>; block Monthly; series: DG",,4,,,"US Dollar 3-month British Bankers` Association (BBA) Libor - Historical close, average of observations through period",Euro area (moving concept in the Real Time database context) - Rate - 3-month Libor interbank US dolar deposit rate - US dollar,PCPA,0
RTD.M.S0.N.C_USL3M.U,M,S0,N,C_USL3M,U,2018-07,2.339118181818182,A,F,,,P1M,A,,,FM.M.GB.USD.RT.MM.USD3MFSR_.HSTA,,,,,,"See <a class=""external"" href=""http://sdw.ecb.europa.eu/web/generator/docu/rtdb_docu.pdf""> notes</a>; block Monthly; series: DG",,4,,,"US Dollar 3-month British Bankers` Association (BBA) Libor - Historical close, average of observations through period",Euro area (moving concept in the Real Time database context) - Rate - 3-month Libor interbank US dolar deposit rate - US dollar,PCPA,0
RTD.M.S0.N.C_USL3M.U,M,S0,N,C_USL3M,U,2018-08,2.323575,A,F,,,P1M,A,,,FM.M.GB.USD.RT.MM.USD3MFSR_.HSTA,,,,,,"See <a class=""external"" href=""http://sdw.ecb.europa.eu/web/generator/docu/rtdb_docu.pdf""> notes</a>; block Monthly; series: DG",,4,,,"US Dollar 3-month British Bankers` Association (BBA) Libor - Historical close, average of observations through period",Euro area (moving concept in the Real Time database context) - Rate - 3-month Libor interbank US dolar deposit rate - US dollar,PCPA,0
RTD.M.S0.N.C_USL3M.U,M,S0,N,C_USL3M,U,2018-09,2.349427000000001,A,F,,,P1M,A,,,FM.M.GB.USD.RT.MM.USD3MFSR_.HSTA,,,,,,"See <a class=""external"" href=""http://sdw.ecb.europa.eu/web/generator/docu/rtdb_docu.pdf""> notes</a>; block Monthly; series: DG",,4,,,"US Dollar 3-month British Bankers` Association (BBA) Libor - Historical close, average of observations through period",Euro area (moving concept in the Real Time database context) - Rate - 3-month Libor interbank US dolar deposit rate - US dollar,PCPA,0
RTD.M.S0.N.C_USL3M.U,M,S0,N,C_USL3M,U,2018-10,2.46062652173913,A,F,,,P1M,A,,,FM.M.GB.USD.RT.MM.USD3MFSR_.HSTA,,,,,,"See <a class=""external"" href=""http://sdw.ecb.europa.eu/web/generator/docu/rtdb_docu.pdf""> notes</a>; block Monthly; series: DG",,4,,,"US Dollar 3-month British Bankers` Association (BBA) Libor - Historical close, average of observations through period",Euro area (moving concept in the Real Time database context) - Rate - 3-month Libor interbank US dolar deposit rate - US dollar,PCPA,0
RTD.M.S0.N.C_USL3M.U,M,S0,N,C_USL3M,U,2018-11,2.649184090909091,A,F,,,P1M,A,,,FM.M.GB.USD.RT.MM.USD3MFSR_.HSTA,,,,,,"See <a class=""external"" href=""http://sdw.ecb.europa.eu/web/generator/docu/rtdb_docu.pdf""> notes</a>; block Monthly; series: DG",,4,,,"US Dollar 3-month British Bankers` Association (BBA) Libor - Historical close, average of observations through period",Euro area (moving concept in the Real Time database context) - Rate - 3-month Libor interbank US dolar deposit rate - US dollar,PCPA,0
RTD.M.S0.N.C_USL3M.U,M,S0,N,C_USL3M,U,2018-12,2.787742105263157,A,F,,,P1M,A,,,FM.M.GB.USD.RT.MM.USD3MFSR_.HSTA,,,,,,"See <a class=""external"" href=""http://sdw.ecb.europa.eu/web/generator/docu/rtdb_docu.pdf""> notes</a>; block Monthly; series: DG",,4,,,"US Dollar 3-month British Bankers` Association (BBA) Libor - Historical close, average of observations through period",Euro area (moving concept in the Real Time database context) - Rate - 3-month Libor interbank US dolar deposit rate - US dollar,PCPA,0
RTD.M.S0.N.C_USL3M.U,M,S0,N,C_USL3M,U,2019-01,2.774177727272727,A,F,,,P1M,A,,,FM.M.GB.USD.RT.MM.USD3MFSR_.HSTA,,,,,,"See <a class=""external"" href=""http://sdw.ecb.europa.eu/web/generator/docu/rtdb_docu.pdf""> notes</a>; block Monthly; series: DG",,4,,,"US Dollar 3-month British Bankers` Association (BBA) Libor - Historical close, average of observations through period",Euro area (moving concept in the Real Time database context) - Rate - 3-month Libor interbank US dolar deposit rate - US dollar,PCPA,0
RTD.M.S0.N.C_USL3M.U,M,S0,N,C_USL3M,U,2019-02,2.676677999999999,A,F,,,P1M,A,,,FM.M.GB.USD.RT.MM.USD3MFSR_.HSTA,,,,,,"See <a class=""external"" href=""http://sdw.ecb.europa.eu/web/generator/docu/rtdb_docu.pdf""> notes</a>; block Monthly; series: DG",,4,,,"US Dollar 3-month British Bankers` Association (BBA) Libor - Historical close, average of observations through period",Euro area (moving concept in the Real Time database context) - Rate - 3-month Libor interbank US dolar deposit rate - US dollar,PCPA,0
RTD.M.S0.N.C_USL3M.U,M,S0,N,C_USL3M,U,2019-03,2.605674761904762,A,F,,,P1M,A,,,FM.M.GB.USD.RT.MM.USD3MFSR_.HSTA,,,,,,"See <a class=""external"" href=""http://sdw.ecb.europa.eu/web/generator/docu/rtdb_docu.pdf""> notes</a>; block Monthly; series: DG",,4,,,"US Dollar 3-month British Bankers` Association (BBA) Libor - Historical close, average of observations through period",Euro area (moving concept in the Real Time database context) - Rate - 3-month Libor interbank US dolar deposit rate - US dollar,PCPA,0
RTD.M.S0.N.C_USL3M.U,M,S0,N,C_USL3M,U,2019-04,2.5895395,A,F,,,P1M,A,,,FM.M.GB.USD.RT.MM.USD3MFSR_.HSTA,,,,,,"See <a class=""external"" href=""http://sdw.ecb.europa.eu/web/generator/docu/rtdb_docu.pdf""> notes</a>; block Monthly; series: DG",,4,,,"US Dollar 3-month British Bankers` Association (BBA) Libor - Historical close, average of observations through period",Euro area (moving concept in the Real Time database context) - Rate - 3-month Libor interbank US dolar deposit rate - US dollar,PCPA,0
RTD.M.S0.N.C_USL3M.U,M,S0,N,C_USL3M,U,2019-05,2.531680952380952,A,F,,,P1M,A,,,FM.M.GB.USD.RT.MM.USD3MFSR_.HSTA,,,,,,"See <a class=""external"" href=""http://sdw.ecb.europa.eu/web/generator/docu/rtdb_docu.pdf""> notes</a>; block Monthly; series: DG",,4,,,"US Dollar 3-month British Bankers` Association (BBA) Libor - Historical close, average of observations through period",Euro area (moving concept in the Real Time database context) - Rate - 3-month Libor interbank US dolar deposit rate - US dollar,PCPA,0
RTD.M.S0.N.C_USL3M.U,M,S0,N,C_USL3M,U,2019-06,2.3974965,A,F,,,P1M,A,,,FM.M.GB.USD.RT.MM.USD3MFSR_.HSTA,,,,,,"See <a class=""external"" href=""http://sdw.ecb.europa.eu/web/generator/docu/rtdb_docu.pdf""> notes</a>; block Monthly; series: DG",,4,,,"US Dollar 3-month British Bankers` Association (BBA) Libor - Historical close, average of observations through period",Euro area (moving concept in the Real Time database context) - Rate - 3-month Libor interbank US dolar deposit rate - US dollar,PCPA,0
RTD.M.S0.N.C_USL3M.U,M,S0,N,C_USL3M,U,2019-07,2.293654347826087,A,F,,,P1M,A,,,FM.M.GB.USD.RT.MM.USD3MFSR_.HSTA,,,,,,"See <a class=""external"" href=""http://sdw.ecb.europa.eu/web/generator/docu/rtdb_docu.pdf""> notes</a>; block Monthly; series: DG",,4,,,"US Dollar 3-month British Bankers` Association (BBA) Libor - Historical close, average of observations through period",Euro area (moving concept in the Real Time database context) - Rate - 3-month Libor interbank US dolar deposit rate - US dollar,PCPA,0
RTD.M.S0.N.C_USL3M.U,M,S0,N,C_USL3M,U,2019-08,2.164793809523809,A,F,,,P1M,A,,,FM.M.GB.USD.RT.MM.USD3MFSR_.HSTA,,,,,,"See <a class=""external"" href=""http://sdw.ecb.europa.eu/web/generator/docu/rtdb_docu.pdf""> notes</a>; block Monthly; series: DG",,4,,,"US Dollar 3-month British Bankers` Association (BBA) Libor - Historical close, average of observations through period",Euro area (moving concept in the Real Time database context) - Rate - 3-month Libor interbank US dolar deposit rate - US dollar,PCPA,0
RTD.M.S0.N.C_USL3M.U,M,S0,N,C_USL3M,U,2019-09,2.125182380952381,A,F,,,P1M,A,,,FM.M.GB.USD.RT.MM.USD3MFSR_.HSTA,,,,,,"See <a class=""external"" href=""http://sdw.ecb.europa.eu/web/generator/docu/rtdb_docu.pdf""> notes</a>; block Monthly; series: DG",,4,,,"US Dollar 3-month British Bankers` Association (BBA) Libor - Historical close, average of observations through period",Euro area (moving concept in the Real Time database context) - Rate - 3-month Libor interbank US dolar deposit rate - US dollar,PCPA,0
RTD.M.S0.N.C_USL3M.U,M,S0,N,C_USL3M,U,2019-10,1.977421304347826,A,F,,,P1M,A,,,FM.M.GB.USD.RT.MM.USD3MFSR_.HSTA,,,,,,"See <a class=""external"" href=""http://sdw.ecb.europa.eu/web/generator/docu/rtdb_docu.pdf""> notes</a>; block Monthly; series: DG",,4,,,"US Dollar 3-month British Bankers` Association (BBA) Libor - Historical close, average of observations through period",Euro area (moving concept in the Real Time database context) - Rate - 3-month Libor interbank US dolar deposit rate - US dollar,PCPA,0
RTD.M.S0.N.C_USL3M.U,M,S0,N,C_USL3M,U,2019-11,1.904811904761904,A,F,,,P1M,A,,,FM.M.GB.USD.RT.MM.USD3MFSR_.HSTA,,,,,,"See <a class=""external"" href=""http://sdw.ecb.europa.eu/web/generator/docu/rtdb_docu.pdf""> notes</a>; block Monthly; series: DG",,4,,,"US Dollar 3-month British Bankers` Association (BBA) Libor - Historical close, average of observations through period",Euro area (moving concept in the Real Time database context) - Rate - 3-month Libor interbank US dolar deposit rate - US dollar,PCPA,0
RTD.M.S0.N.C_USL3M.U,M,S0,N,C_USL3M,U,2019-12,1.9075775,A,F,,,P1M,A,,,FM.M.GB.USD.RT.MM.USD3MFSR_.HSTA,,,,,,"See <a class=""external"" href=""http://sdw.ecb.europa.eu/web/generator/docu/rtdb_docu.pdf""> notes</a>; block Monthly; series: DG",,4,,,"US Dollar 3-month British Bankers` Association (BBA) Libor - Historical close, average of observations through period",Euro area (moving concept in the Real Time database context) - Rate - 3-month Libor interbank US dolar deposit rate - US dollar,PCPA,0
RTD.M.S0.N.C_USL3M.U,M,S0,N,C_USL3M,U,2020-01,1.81973,A,F,,,P1M,A,,,FM.M.GB.USD.RT.MM.USD3MFSR_.HSTA,,,,,,"See <a class=""external"" href=""http://sdw.ecb.europa.eu/web/generator/docu/rtdb_docu.pdf""> notes</a>; block Monthly; series: DG",,4,,,"US Dollar 3-month British Bankers` Association (BBA) Libor - Historical close, average of observations through period",Euro area (moving concept in the Real Time database context) - Rate - 3-month Libor interbank US dolar deposit rate - US dollar,PCPA,0
RTD.M.S0.N.C_USL3M.U,M,S0,N,C_USL3M,U,2020-02,1.678934,A,F,,,P1M,A,,,FM.M.GB.USD.RT.MM.USD3MFSR_.HSTA,,,,,,"See <a class=""external"" href=""http://sdw.ecb.europa.eu/web/generator/docu/rtdb_docu.pdf""> notes</a>; block Monthly; series: DG",,4,,,"US Dollar 3-month British Bankers` Association (BBA) Libor - Historical close, average of observations through period",Euro area (moving concept in the Real Time database context) - Rate - 3-month Libor interbank US dolar deposit rate - US dollar,PCPA,0
RTD.M.S0.N.C_USL3M.U,M,S0,N,C_USL3M,U,2020-03,1.102355454545455,A,F,,,P1M,A,,,FM.M.GB.USD.RT.MM.USD3MFSR_.HSTA,,,,,,"See <a class=""external"" href=""http://sdw.ecb.europa.eu/web/generator/docu/rtdb_docu.pdf""> notes</a>; block Monthly; series: DG",,4,,,"US Dollar 3-month British Bankers` Association (BBA) Libor - Historical close, average of observations through period",Euro area (moving concept in the Real Time database context) - Rate - 3-month Libor interbank US dolar deposit rate - US dollar,PCPA,0
RTD.M.S0.N.C_USL3M.U,M,S0,N,C_USL3M,U,2020-04,1.0918845,A,F,,,P1M,A,,,FM.M.GB.USD.RT.MM.USD3MFSR_.HSTA,,,,,,"See <a class=""external"" href=""http://sdw.ecb.europa.eu/web/generator/docu/rtdb_docu.pdf""> notes</a>; block Monthly; series: DG",,4,,,"US Dollar 3-month British Bankers` Association (BBA) Libor - Historical close, average of observations through period",Euro area (moving concept in the Real Time database context) - Rate - 3-month Libor interbank US dolar deposit rate - US dollar,PCPA,0
RTD.M.S0.N.C_USL3M.U,M,S0,N,C_USL3M,U,2020-05,0.4019395,A,F,,,P1M,A,,,FM.M.GB.USD.RT.MM.USD3MFSR_.HSTA,,,,,,"See <a class=""external"" href=""http://sdw.ecb.europa.eu/web/generator/docu/rtdb_docu.pdf""> notes</a>; block Monthly; series: DG",,4,,,"US Dollar 3-month British Bankers` Association (BBA) Libor - Historical close, average of observations through period",Euro area (moving concept in the Real Time database context) - Rate - 3-month Libor interbank US dolar deposit rate - US dollar,PCPA,0
RTD.M.S0.N.C_USL3M.U,M,S0,N,C_USL3M,U,2020-06,0.310259090909091,A,F,,,P1M,A,,,FM.M.GB.USD.RT.MM.USD3MFSR_.HSTA,,,,,,"See <a class=""external"" href=""http://sdw.ecb.europa.eu/web/generator/docu/rtdb_docu.pdf""> notes</a>; block Monthly; series: DG",,4,,,"US Dollar 3-month British Bankers` Association (BBA) Libor - Historical close, average of observations through period",Euro area (moving concept in the Real Time database context) - Rate - 3-month Libor interbank US dolar deposit rate - US dollar,PCPA,0
RTD.M.S0.N.C_USL3M.U,M,S0,N,C_USL3M,U,2020-07,0.267757391304348,A,F,,,P1M,A,,,FM.M.GB.USD.RT.MM.USD3MFSR_.HSTA,,,,,,"See <a class=""external"" href=""http://sdw.ecb.europa.eu/web/generator/docu/rtdb_docu.pdf""> notes</a>; block Monthly; series: DG",,4,,,"US Dollar 3-month British Bankers` Association (BBA) Libor - Historical close, average of observations through period",Euro area (moving concept in the Real Time database context) - Rate - 3-month Libor interbank US dolar deposit rate - US dollar,PCPA,0
RTD.M.S0.N.C_USL3M.U,M,S0,N,C_USL3M,U,2020-08,0.252769523809524,A,F,,,P1M,A,,,FM.M.GB.USD.RT.MM.USD3MFSR_.HSTA,,,,,,"See <a class=""external"" href=""http://sdw.ecb.europa.eu/web/generator/docu/rtdb_docu.pdf""> notes</a>; block Monthly; series: DG",,4,,,"US Dollar 3-month British Bankers` Association (BBA) Libor - Historical close, average of observations through period",Euro area (moving concept in the Real Time database context) - Rate - 3-month Libor interbank US dolar deposit rate - US dollar,PCPA,0
RTD.M.S0.N.C_USL3M.U,M,S0,N,C_USL3M,U,2020-09,0.236888636363636,A,F,,,P1M,A,,,FM.M.GB.USD.RT.MM.USD3MFSR_.HSTA,,,,,,"See <a class=""external"" href=""http://sdw.ecb.europa.eu/web/generator/docu/rtdb_docu.pdf""> notes</a>; block Monthly; series: DG",,4,,,"US Dollar 3-month British Bankers` Association (BBA) Libor - Historical close, average of observations through period",Euro area (moving concept in the Real Time database context) - Rate - 3-month Libor interbank US dolar deposit rate - US dollar,PCPA,0
RTD.M.S0.N.C_USL3M.U,M,S0,N,C_USL3M,U,2020-10,0.221291818181818,A,F,,,P1M,A,,,FM.M.GB.USD.RT.MM.USD3MFSR_.HSTA,,,,,,"See <a class=""external"" href=""http://sdw.ecb.europa.eu/web/generator/docu/rtdb_docu.pdf""> notes</a>; block Monthly; series: DG",,4,,,"US Dollar 3-month British Bankers` Association (BBA) Libor - Historical close, average of observations through period",Euro area (moving concept in the Real Time database context) - Rate - 3-month Libor interbank US dolar deposit rate - US dollar,PCPA,0
RTD.M.S0.N.C_USL3M.U,M,S0,N,C_USL3M,U,2020-11,0.220002380952381,A,F,,,P1M,A,,,FM.M.GB.USD.RT.MM.USD3MFSR_.HSTA,,,,,,"See <a class=""external"" href=""http://sdw.ecb.europa.eu/web/generator/docu/rtdb_docu.pdf""> notes</a>; block Monthly; series: DG",,4,,,"US Dollar 3-month British Bankers` Association (BBA) Libor - Historical close, average of observations through period",Euro area (moving concept in the Real Time database context) - Rate - 3-month Libor interbank US dolar deposit rate - US dollar,PCPA,0
RTD.M.S0.N.C_USL3M.U,M,S0,N,C_USL3M,U,2020-12,0.234583913043478,A,F,,,P1M,A,,,FM.M.GB.USD.RT.MM.USD3MFSR_.HSTA,,,,,,"See <a class=""external"" href=""http://sdw.ecb.europa.eu/web/generator/docu/rtdb_docu.pdf""> notes</a>; block Monthly; series: DG",,4,,,"US Dollar 3-month British Bankers` Association (BBA) Libor - Historical close, average of observations through period",Euro area (moving concept in the Real Time database context) - Rate - 3-month Libor interbank US dolar deposit rate - US dollar,PCPA,0
RTD.M.S0.N.C_USL3M.U,M,S0,N,C_USL3M,U,2021-01,0.223620952380952,A,F,,,P1M,A,,,FM.M.GB.USD.RT.MM.USD3MFSR_.HSTA,,,,,,"See <a class=""external"" href=""http://sdw.ecb.europa.eu/web/generator/docu/rtdb_docu.pdf""> notes</a>; block Monthly; series: DG",,4,,,"US Dollar 3-month British Bankers` Association (BBA) Libor - Historical close, average of observations through period",Euro area (moving concept in the Real Time database context) - Rate - 3-month Libor interbank US dolar deposit rate - US dollar,PCPA,0
RTD.M.S0.N.C_USL3M.U,M,S0,N,C_USL3M,U,2021-02,0.190365,A,F,,,P1M,A,,,FM.M.GB.USD.RT.MM.USD3MFSR_.HSTA,,,,,,"See <a class=""external"" href=""http://sdw.ecb.europa.eu/web/generator/docu/rtdb_docu.pdf""> notes</a>; block Monthly; series: DG",,4,,,"US Dollar 3-month British Bankers` Association (BBA) Libor - Historical close, average of observations through period",Euro area (moving concept in the Real Time database context) - Rate - 3-month Libor interbank US dolar deposit rate - US dollar,PCPA,0
RTD.M.S0.N.C_USL3M.U,M,S0,N,C_USL3M,U,2021-03,0.189621739130435,A,F,,,P1M,A,,,FM.M.GB.USD.RT.MM.USD3MFSR_.HSTA,,,,,,"See <a class=""external"" href=""http://sdw.ecb.europa.eu/web/generator/docu/rtdb_docu.pdf""> notes</a>; block Monthly; series: DG",,4,,,"US Dollar 3-month British Bankers` Association (BBA) Libor - Historical close, average of observations through period",Euro area (moving concept in the Real Time database context) - Rate - 3-month Libor interbank US dolar deposit rate - US dollar,PCPA,0
RTD.M.S0.N.C_USL3M.U,M,S0,N,C_USL3M,U,2021-04,0.185228095238095,A,F,,,P1M,A,,,FM.M.GB.USD.RT.MM.USD3MFSR_.HSTA,,,,,,"See <a class=""external"" href=""http://sdw.ecb.europa.eu/web/generator/docu/rtdb_docu.pdf""> notes</a>; block Monthly; series: DG",,4,,,"US Dollar 3-month British Bankers` Association (BBA) Libor - Historical close, average of observations through period",Euro area (moving concept in the Real Time database context) - Rate - 3-month Libor interbank US dolar deposit rate - US dollar,PCPA,0
RTD.M.S0.N.C_USL3M.U,M,S0,N,C_USL3M,U,2021-05,0.152473333333333,A,F,,,P1M,A,,,FM.M.GB.USD.RT.MM.USD3MFSR_.HSTA,,,,,,"See <a class=""external"" href=""http://sdw.ecb.europa.eu/web/generator/docu/rtdb_docu.pdf""> notes</a>; block Monthly; series: DG",,4,,,"US Dollar 3-month British Bankers` Association (BBA) Libor - Historical close, average of observations through period",Euro area (moving concept in the Real Time database context) - Rate - 3-month Libor interbank US dolar deposit rate - US dollar,PCPA,0
RTD.M.S0.N.C_USL3M.U,M,S0,N,C_USL3M,U,2021-06,0.132756818181818,A,F,,,P1M,A,,,FM.M.GB.USD.RT.MM.USD3MFSR_.HSTA,,,,,,"See <a class=""external"" href=""http://sdw.ecb.europa.eu/web/generator/docu/rtdb_docu.pdf""> notes</a>; block Monthly; series: DG",,4,,,"US Dollar 3-month British Bankers` Association (BBA) Libor - Historical close, average of observations through period",Euro area (moving concept in the Real Time database context) - Rate - 3-month Libor interbank US dolar deposit rate - US dollar,PCPA,0
RTD.M.S0.N.C_USL3M.U,M,S0,N,C_USL3M,U,2021-07,0.130832272727273,A,F,,,P1M,A,,,FM.M.GB.USD.RT.MM.USD3MFSR_.HSTA,,,,,,"See <a class=""external"" href=""http://sdw.ecb.europa.eu/web/generator/docu/rtdb_docu.pdf""> notes</a>; block Monthly; series: DG",,4,,,"US Dollar 3-month British Bankers` Association (BBA) Libor - Historical close, average of observations through period",Euro area (moving concept in the Real Time database context) - Rate - 3-month Libor interbank US dolar deposit rate - US dollar,PCPA,0
RTD.M.S0.N.C_USL3M.U,M,S0,N,C_USL3M,U,2021-08,0.124473181818182,A,F,,,P1M,A,,,FM.M.GB.USD.RT.MM.USD3MFSR_.HSTA,,,,,,"See <a class=""external"" href=""http://sdw.ecb.europa.eu/web/generator/docu/rtdb_docu.pdf""> notes</a>; block Monthly; series: DG",,4,,,"US Dollar 3-month British Bankers` Association (BBA) Libor - Historical close, average of observations through period",Euro area (moving concept in the Real Time database context) - Rate - 3-month Libor interbank US dolar deposit rate - US dollar,PCPA,0
RTD.M.S0.N.C_USL3M.U,M,S0,N,C_USL3M,U,2021-09,0.122723636363636,A,F,,,P1M,A,,,FM.M.GB.USD.RT.MM.USD3MFSR_.HSTA,,,,,,"See <a class=""external"" href=""http://sdw.ecb.europa.eu/web/generator/docu/rtdb_docu.pdf""> notes</a>; block Monthly; series: DG",,4,,,"US Dollar 3-month British Bankers` Association (BBA) Libor - Historical close, average of observations through period",Euro area (moving concept in the Real Time database context) - Rate - 3-month Libor interbank US dolar deposit rate - US dollar,PCPA,0
RTD.M.S0.N.C_USL3M.U,M,S0,N,C_USL3M,U,2021-10,0.127216666666667,A,F,,,P1M,A,,,FM.M.GB.USD.RT.MM.USD3MFSR_.HSTA,,,,,,"See <a class=""external"" href=""http://sdw.ecb.europa.eu/web/generator/docu/rtdb_docu.pdf""> notes</a>; block Monthly; series: DG",,4,,,"US Dollar 3-month British Bankers` Association (BBA) Libor - Historical close, average of observations through period",Euro area (moving concept in the Real Time database context) - Rate - 3-month Libor interbank US dolar deposit rate - US dollar,PCPA,0
RTD.M.S0.N.C_USL3M.U,M,S0,N,C_USL3M,U,2021-11,0.158877272727273,A,F,,,P1M,A,,,FM.M.GB.USD.RT.MM.USD3MFSR_.HSTA,,,,,,"See <a class=""external"" href=""http://sdw.ecb.europa.eu/web/generator/docu/rtdb_docu.pdf""> notes</a>; block Monthly; series: DG",,4,,,"US Dollar 3-month British Bankers` Association (BBA) Libor - Historical close, average of observations through period",Euro area (moving concept in the Real Time database context) - Rate - 3-month Libor interbank US dolar deposit rate - US dollar,PCPA,0
RTD.M.S0.N.C_USL3M.U,M,S0,N,C_USL3M,U,2021-12,0.206600434782609,A,F,,,P1M,A,,,FM.M.GB.USD.RT.MM.USD3MFSR_.HSTA,,,,,,"See <a class=""external"" href=""http://sdw.ecb.europa.eu/web/generator/docu/rtdb_docu.pdf""> notes</a>; block Monthly; series: DG",,4,,,"US Dollar 3-month British Bankers` Association (BBA) Libor - Historical close, average of observations through period",Euro area (moving concept in the Real Time database context) - Rate - 3-month Libor interbank US dolar deposit rate - US dollar,PCPA,0
RTD.M.S0.N.C_USL3M.U,M,S0,N,C_USL3M,U,2022-01,0.254065714285714,A,F,,,P1M,A,,,FM.M.GB.USD.RT.MM.USD3MFSR_.HSTA,,,,,,"See <a class=""external"" href=""http://sdw.ecb.europa.eu/web/generator/docu/rtdb_docu.pdf""> notes</a>; block Monthly; series: DG",,4,,,"US Dollar 3-month British Bankers` Association (BBA) Libor - Historical close, average of observations through period",Euro area (moving concept in the Real Time database context) - Rate - 3-month Libor interbank US dolar deposit rate - US dollar,PCPA,0
RTD.M.S0.N.C_USL3M.U,M,S0,N,C_USL3M,U,2022-02,0.4317575,A,F,,,P1M,A,,,FM.M.GB.USD.RT.MM.USD3MFSR_.HSTA,,,,,,"See <a class=""external"" href=""http://sdw.ecb.europa.eu/web/generator/docu/rtdb_docu.pdf""> notes</a>; block Monthly; series: DG",,4,,,"US Dollar 3-month British Bankers` Association (BBA) Libor - Historical close, average of observations through period",Euro area (moving concept in the Real Time database context) - Rate - 3-month Libor interbank US dolar deposit rate - US dollar,PCPA,0
RTD.M.S0.N.C_USL3M.U,M,S0,N,C_USL3M,U,2022-03,0.839707826086957,A,F,,,P1M,A,,,FM.M.GB.USD.RT.MM.USD3MFSR_.HSTA,,,,,,"See <a class=""external"" href=""http://sdw.ecb.europa.eu/web/generator/docu/rtdb_docu.pdf""> notes</a>; block Monthly; series: DG",,4,,,"US Dollar 3-month British Bankers` Association (BBA) Libor - Historical close, average of observations through period",Euro area (moving concept in the Real Time database context) - Rate - 3-month Libor interbank US dolar deposit rate - US dollar,PCPA,0
RTD.M.S0.N.C_USL3M.U,M,S0,N,C_USL3M,U,2022-04,1.099715238095238,A,F,,,P1M,A,,,FM.M.GB.USD.RT.MM.USD3MFSR_.HSTA,,,,,,"See <a class=""external"" href=""http://sdw.ecb.europa.eu/web/generator/docu/rtdb_docu.pdf""> notes</a>; block Monthly; series: DG",,4,,,"US Dollar 3-month British Bankers` Association (BBA) Libor - Historical close, average of observations through period",Euro area (moving concept in the Real Time database context) - Rate - 3-month Libor interbank US dolar deposit rate - US dollar,PCPA,0
RTD.M.S0.N.C_USL3M.U,M,S0,N,C_USL3M,U,2022-05,1.466669545454545,A,F,,,P1M,A,,,FM.M.GB.USD.RT.MM.USD3MFSR_.HSTA,,,,,,"See <a class=""external"" href=""http://sdw.ecb.europa.eu/web/generator/docu/rtdb_docu.pdf""> notes</a>; block Monthly; series: DG",,4,,,"US Dollar 3-month British Bankers` Association (BBA) Libor - Historical close, average of observations through period",Euro area (moving concept in the Real Time database context) - Rate - 3-month Libor interbank US dolar deposit rate - US dollar,PCPA,0
RTD.M.S0.N.C_USL3M.U,M,S0,N,C_USL3M,U,2022-06,1.968909090909091,A,F,,,P1M,A,,,FM.M.GB.USD.RT.MM.USD3MFSR_.HSTA,,,,,,"See <a class=""external"" href=""http://sdw.ecb.europa.eu/web/generator/docu/rtdb_docu.pdf""> notes</a>; block Monthly; series: DG",,4,,,"US Dollar 3-month British Bankers` Association (BBA) Libor - Historical close, average of observations through period",Euro area (moving concept in the Real Time database context) - Rate - 3-month Libor interbank US dolar deposit rate - US dollar,PCPA,0
RTD.M.S0.N.C_USL3M.U,M,S0,N,C_USL3M,U,2022-07,2.610497619047619,A,F,,,P1M,A,,,FM.M.GB.USD.RT.MM.USD3MFSR_.HSTA,,,,,,"See <a class=""external"" href=""http://sdw.ecb.europa.eu/web/generator/docu/rtdb_docu.pdf""> notes</a>; block Monthly; series: DG",,4,,,"US Dollar 3-month British Bankers` Association (BBA) Libor - Historical close, average of observations through period",Euro area (moving concept in the Real Time database context) - Rate - 3-month Libor interbank US dolar deposit rate - US dollar,PCPA,0
RTD.M.S0.N.C_USL3M.U,M,S0,N,C_USL3M,U,2022-08,2.952104347826087,A,F,,,P1M,A,,,FM.M.GB.USD.RT.MM.USD3MFSR_.HSTA,,,,,,"See <a class=""external"" href=""http://sdw.ecb.europa.eu/web/generator/docu/rtdb_docu.pdf""> notes</a>; block Monthly; series: DG",,4,,,"US Dollar 3-month British Bankers` Association (BBA) Libor - Historical close, average of observations through period",Euro area (moving concept in the Real Time database context) - Rate - 3-month Libor interbank US dolar deposit rate - US dollar,PCPA,0
RTD.M.S0.N.C_USL3M.U,M,S0,N,C_USL3M,U,2022-09,3.449350454545454,A,F,,,P1M,A,,,FM.M.GB.USD.RT.MM.USD3MFSR_.HSTA,,,,,,"See <a class=""external"" href=""http://sdw.ecb.europa.eu/web/generator/docu/rtdb_docu.pdf""> notes</a>; block Monthly; series: DG",,4,,,"US Dollar 3-month British Bankers` Association (BBA) Libor - Historical close, average of observations through period",Euro area (moving concept in the Real Time database context) - Rate - 3-month Libor interbank US dolar deposit rate - US dollar,PCPA,0
RTD.M.S0.N.C_USL3M.U,M,S0,N,C_USL3M,U,2022-10,4.140665714285714,A,F,,,P1M,A,,,FM.M.GB.USD.RT.MM.USD3MFSR_.HSTA,,,,,,"See <a class=""external"" href=""http://sdw.ecb.europa.eu/web/generator/docu/rtdb_docu.pdf""> notes</a>; block Monthly; series: DG",,4,,,"US Dollar 3-month British Bankers` Association (BBA) Libor - Historical close, average of observations through period",Euro area (moving concept in the Real Time database context) - Rate - 3-month Libor interbank US dolar deposit rate - US dollar,PCPA,0
RTD.M.S0.N.C_USL3M.U,M,S0,N,C_USL3M,U,2022-11,4.649331818181818,A,F,,,P1M,A,,,FM.M.GB.USD.RT.MM.USD3MFSR_.HSTA,,,,,,"See <a class=""external"" href=""http://sdw.ecb.europa.eu/web/generator/docu/rtdb_docu.pdf""> notes</a>; block Monthly; series: DG",,4,,,"US Dollar 3-month British Bankers` Association (BBA) Libor - Historical close, average of observations through period",Euro area (moving concept in the Real Time database context) - Rate - 3-month Libor interbank US dolar deposit rate - US dollar,PCPA,0
RTD.M.S0.N.C_USL3M.U,M,S0,N,C_USL3M,U,2022-12,4.738987727272728,A,F,,,P1M,A,,,FM.M.GB.USD.RT.MM.USD3MFSR_.HSTA,,,,,,"See <a class=""external"" href=""http://sdw.ecb.europa.eu/web/generator/docu/rtdb_docu.pdf""> notes</a>; block Monthly; series: DG",,4,,,"US Dollar 3-month British Bankers` Association (BBA) Libor - Historical close, average of observations through period",Euro area (moving concept in the Real Time database context) - Rate - 3-month Libor interbank US dolar deposit rate - US dollar,PCPA,0
RTD.M.S0.N.C_USL3M.U,M,S0,N,C_USL3M,U,2023-01,4.805051818181818,A,F,,,P1M,A,,,FM.M.GB.USD.RT.MM.USD3MFSR_.HSTA,,,,,,"See <a class=""external"" href=""http://sdw.ecb.europa.eu/web/generator/docu/rtdb_docu.pdf""> notes</a>; block Monthly; series: DG",,4,,,"US Dollar 3-month British Bankers` Association (BBA) Libor - Historical close, average of observations through period",Euro area (moving concept in the Real Time database context) - Rate - 3-month Libor interbank US dolar deposit rate - US dollar,PCPA,0
RTD.M.S0.N.C_USL3M.U,M,S0,N,C_USL3M,U,2023-02,4.8879145,A,F,,,P1M,A,,,FM.M.GB.USD.RT.MM.USD3MFSR_.HSTA,,,,,,"See <a class=""external"" href=""http://sdw.ecb.europa.eu/web/generator/docu/rtdb_docu.pdf""> notes</a>; block Monthly; series: DG",,4,,,"US Dollar 3-month British Bankers` Association (BBA) Libor - Historical close, average of observations through period",Euro area (moving concept in the Real Time database context) - Rate - 3-month Libor interbank US dolar deposit rate - US dollar,PCPA,0
RTD.M.S0.N.C_USL3M.U,M,S0,N,C_USL3M,U,2023-03,5.051780869565216,A,F,,,P1M,A,,,FM.M.GB.USD.RT.MM.USD3MFSR_.HSTA,,,,,,"See <a class=""external"" href=""http://sdw.ecb.europa.eu/web/generator/docu/rtdb_docu.pdf""> notes</a>; block Monthly; series: DG",,4,,,"US Dollar 3-month British Bankers` Association (BBA) Libor - Historical close, average of observations through period",Euro area (moving concept in the Real Time database context) - Rate - 3-month Libor interbank US dolar deposit rate - US dollar,PCPA,0
RTD.M.S0.N.C_USL3M.U,M,S0,N,C_USL3M,U,2023-04,5.2512925,A,F,,,P1M,A,,,FM.M.GB.USD.RT.MM.USD3MFSR_.HSTA,,,,,,"See <a class=""external"" href=""http://sdw.ecb.europa.eu/web/generator/docu/rtdb_docu.pdf""> notes</a>; block Monthly; series: DG",,4,,,"US Dollar 3-month British Bankers` Association (BBA) Libor - Historical close, average of observations through period",Euro area (moving concept in the Real Time database context) - Rate - 3-month Libor interbank US dolar deposit rate - US dollar,PCPA,0
RTD.M.S0.N.C_USL3M.U,M,S0,N,C_USL3M,U,2023-05,5.37794304347826,A,F,,,P1M,A,,,FM.M.GB.USD.RT.MM.USD3MFSR_.HSTA,,,,,,"See <a class=""external"" href=""http://sdw.ecb.europa.eu/web/generator/docu/rtdb_docu.pdf""> notes</a>; block Monthly; series: DG",,4,,,"US Dollar 3-month British Bankers` Association (BBA) Libor - Historical close, average of observations through period",Euro area (moving concept in the Real Time database context) - Rate - 3-month Libor interbank US dolar deposit rate - US dollar,PCPA,0
RTD.M.S0.N.C_USL3M.U,M,S0,N,C_USL3M,U,2023-06,5.526338181818182,A,F,,,P1M,A,,,FM.M.GB.USD.RT.MM.USD3MFSR_.HSTA,,,,,,"See <a class=""external"" href=""http://sdw.ecb.europa.eu/web/generator/docu/rtdb_docu.pdf""> notes</a>; block Monthly; series: DG",,4,,,"US Dollar 3-month British Bankers` Association (BBA) Libor - Historical close, average of observations through period",Euro area (moving concept in the Real Time database context) - Rate - 3-month Libor interbank US dolar deposit rate - US dollar,PCPA,0
