session_date,minute_of_session
2020-03-09,6
2020-03-09,7
2020-03-09,8
2020-03-09,9
2020-03-09,10
2020-03-09,11
2020-03-09,12
2020-03-09,13
2020-03-09,14
2020-03-09,15
2020-03-09,16
2020-03-09,17
2020-03-09,18
2020-03-09,19
2020-03-12,7
2020-03-12,8
2020-03-12,9
2020-03-12,10
2020-03-12,11
2020-03-12,12
2020-03-12,13
2020-03-12,14
2020-03-12,15
2020-03-12,16
2020-03-12,17
2020-03-12,18
2020-03-12,19
2020-03-12,20
2020-03-16,2
2020-03-16,3
2020-03-16,4
2020-03-16,5
2020-03-16,6
2020-03-16,7
2020-03-16,8
2020-03-16,9
2020-03-16,10
2020-03-16,11
2020-03-16,12
2020-03-16,13
2020-03-16,14
2020-03-16,15
2020-03-18,208
2020-03-18,209
2020-03-18,210
2020-03-18,211
2020-03-18,212
2020-03-18,213
2020-03-18,214
2020-03-18,215
2020-03-18,216
2020-03-18,217
2020-03-18,218
2020-03-18,219
2020-03-18,220
2020-03-18,221
