cell_id,profile,tier,dividend_mode,slippage_per_share,subperiod,component,bucket,value,unit,observations
corrected_execution__halt_aware__with_dividends__slip_0p0025,corrected_execution,halt_aware,with_dividends,0.0025,full_sample,long_vs_short,long_gross_pnl,754509.4055000035,USD,
corrected_execution__halt_aware__with_dividends__slip_0p0025,corrected_execution,halt_aware,with_dividends,0.0025,full_sample,long_vs_short,short_gross_pnl,529243.8642999986,USD,
corrected_execution__halt_aware__with_dividends__slip_0p0025,corrected_execution,halt_aware,with_dividends,0.0025,full_sample,signal_count,all,58452.0,signals,
corrected_execution__halt_aware__with_dividends__slip_0p0025,corrected_execution,halt_aware,with_dividends,0.0025,full_sample,average_holding_minutes,active_session,168.46578366445917,minutes,2718.0
corrected_execution__halt_aware__with_dividends__slip_0p0025,corrected_execution,halt_aware,with_dividends,0.0025,full_sample,turnover,traded_notional_over_average_aum,15344.5197497496,ratio,
corrected_execution__halt_aware__with_dividends__slip_0p0025,corrected_execution,halt_aware,with_dividends,0.0025,full_sample,gross_edge_per_traded_share,all,0.04179113431218047,USD_per_share,
corrected_execution__halt_aware__with_dividends__slip_0p0025,corrected_execution,halt_aware,with_dividends,0.0025,full_sample,cost_per_traded_share,execution,0.006,USD_per_share,
corrected_execution__halt_aware__with_dividends__slip_0p0025,corrected_execution,halt_aware,with_dividends,0.0025,full_sample,cost_per_traded_share,financing_and_borrow,0.0002664934816615683,USD_per_share,
corrected_execution__halt_aware__with_dividends__slip_0p0025,corrected_execution,halt_aware,with_dividends,0.0025,full_sample,entry_time_bucket,open_1_120,701820.5785999979,gross_USD,1948.0
corrected_execution__halt_aware__with_dividends__slip_0p0025,corrected_execution,halt_aware,with_dividends,0.0025,full_sample,entry_time_bucket,midday_121_270,376697.98830000235,gross_USD,1210.0
corrected_execution__halt_aware__with_dividends__slip_0p0025,corrected_execution,halt_aware,with_dividends,0.0025,full_sample,entry_time_bucket,close_271_plus,205234.70290000198,gross_USD,763.0
corrected_execution__halt_aware__with_dividends__slip_0p0025,corrected_execution,halt_aware,with_dividends,0.0025,full_sample,volatility_regime_quintile,Q1,77594.09230000302,gross_USD,734.0
corrected_execution__halt_aware__with_dividends__slip_0p0025,corrected_execution,halt_aware,with_dividends,0.0025,full_sample,volatility_regime_quintile,Q2,542381.2434999994,gross_USD,775.0
corrected_execution__halt_aware__with_dividends__slip_0p0025,corrected_execution,halt_aware,with_dividends,0.0025,full_sample,volatility_regime_quintile,Q3,204378.4113999983,gross_USD,783.0
corrected_execution__halt_aware__with_dividends__slip_0p0025,corrected_execution,halt_aware,with_dividends,0.0025,full_sample,volatility_regime_quintile,Q4,178547.4868,gross_USD,833.0
corrected_execution__halt_aware__with_dividends__slip_0p0025,corrected_execution,halt_aware,with_dividends,0.0025,full_sample,volatility_regime_quintile,Q5,280852.03580000123,gross_USD,796.0
corrected_execution__halt_aware__with_dividends__slip_0p0025,corrected_execution,halt_aware,with_dividends,0.0025,pre_publication,long_vs_short,long_gross_pnl,552528.5462000001,USD,
corrected_execution__halt_aware__with_dividends__slip_0p0025,corrected_execution,halt_aware,with_dividends,0.0025,pre_publication,long_vs_short,short_gross_pnl,376086.8332000006,USD,
corrected_execution__halt_aware__with_dividends__slip_0p0025,corrected_execution,halt_aware,with_dividends,0.0025,pre_publication,signal_count,all,51156.0,signals,
corrected_execution__halt_aware__with_dividends__slip_0p0025,corrected_execution,halt_aware,with_dividends,0.0025,pre_publication,average_holding_minutes,active_session,167.725,minutes,2400.0
corrected_execution__halt_aware__with_dividends__slip_0p0025,corrected_execution,halt_aware,with_dividends,0.0025,pre_publication,turnover,traded_notional_over_average_aum,13638.308879330863,ratio,
corrected_execution__halt_aware__with_dividends__slip_0p0025,corrected_execution,halt_aware,with_dividends,0.0025,pre_publication,gross_edge_per_traded_share,all,0.03470316168744714,USD_per_share,
corrected_execution__halt_aware__with_dividends__slip_0p0025,corrected_execution,halt_aware,with_dividends,0.0025,pre_publication,cost_per_traded_share,execution,0.006,USD_per_share,
corrected_execution__halt_aware__with_dividends__slip_0p0025,corrected_execution,halt_aware,with_dividends,0.0025,pre_publication,cost_per_traded_share,financing_and_borrow,0.00015439846124169648,USD_per_share,
corrected_execution__halt_aware__with_dividends__slip_0p0025,corrected_execution,halt_aware,with_dividends,0.0025,pre_publication,entry_time_bucket,open_1_120,397304.0717000007,gross_USD,1710.0
corrected_execution__halt_aware__with_dividends__slip_0p0025,corrected_execution,halt_aware,with_dividends,0.0025,pre_publication,entry_time_bucket,midday_121_270,272751.7760000002,gross_USD,1082.0
corrected_execution__halt_aware__with_dividends__slip_0p0025,corrected_execution,halt_aware,with_dividends,0.0025,pre_publication,entry_time_bucket,close_271_plus,258559.5316999997,gross_USD,666.0
corrected_execution__halt_aware__with_dividends__slip_0p0025,corrected_execution,halt_aware,with_dividends,0.0025,pre_publication,volatility_regime_quintile,Q1,130479.3470000031,gross_USD,683.0
corrected_execution__halt_aware__with_dividends__slip_0p0025,corrected_execution,halt_aware,with_dividends,0.0025,pre_publication,volatility_regime_quintile,Q2,228947.46479999914,gross_USD,667.0
corrected_execution__halt_aware__with_dividends__slip_0p0025,corrected_execution,halt_aware,with_dividends,0.0025,pre_publication,volatility_regime_quintile,Q3,236271.9523999982,gross_USD,674.0
corrected_execution__halt_aware__with_dividends__slip_0p0025,corrected_execution,halt_aware,with_dividends,0.0025,pre_publication,volatility_regime_quintile,Q4,168133.36769999936,gross_USD,694.0
corrected_execution__halt_aware__with_dividends__slip_0p0025,corrected_execution,halt_aware,with_dividends,0.0025,pre_publication,volatility_regime_quintile,Q5,164783.2475000008,gross_USD,740.0
corrected_execution__halt_aware__with_dividends__slip_0p0025,corrected_execution,halt_aware,with_dividends,0.0025,post_publication,long_vs_short,long_gross_pnl,201980.85930000353,USD,
corrected_execution__halt_aware__with_dividends__slip_0p0025,corrected_execution,halt_aware,with_dividends,0.0025,post_publication,long_vs_short,short_gross_pnl,153157.03109999804,USD,
corrected_execution__halt_aware__with_dividends__slip_0p0025,corrected_execution,halt_aware,with_dividends,0.0025,post_publication,signal_count,all,7296.0,signals,
corrected_execution__halt_aware__with_dividends__slip_0p0025,corrected_execution,halt_aware,with_dividends,0.0025,post_publication,average_holding_minutes,active_session,174.0566037735849,minutes,318.0
corrected_execution__halt_aware__with_dividends__slip_0p0025,corrected_execution,halt_aware,with_dividends,0.0025,post_publication,turnover,traded_notional_over_average_aum,1817.3498801365402,ratio,
corrected_execution__halt_aware__with_dividends__slip_0p0025,corrected_execution,halt_aware,with_dividends,0.0025,post_publication,gross_edge_per_traded_share,all,0.08969251966913068,USD_per_share,
corrected_execution__halt_aware__with_dividends__slip_0p0025,corrected_execution,halt_aware,with_dividends,0.0025,post_publication,cost_per_traded_share,execution,0.005999999999999999,USD_per_share,
corrected_execution__halt_aware__with_dividends__slip_0p0025,corrected_execution,halt_aware,with_dividends,0.0025,post_publication,cost_per_traded_share,financing_and_borrow,0.0010240453309718638,USD_per_share,
corrected_execution__halt_aware__with_dividends__slip_0p0025,corrected_execution,halt_aware,with_dividends,0.0025,post_publication,entry_time_bucket,open_1_120,304516.50689999724,gross_USD,238.0
corrected_execution__halt_aware__with_dividends__slip_0p0025,corrected_execution,halt_aware,with_dividends,0.0025,post_publication,entry_time_bucket,midday_121_270,103946.21230000211,gross_USD,128.0
corrected_execution__halt_aware__with_dividends__slip_0p0025,corrected_execution,halt_aware,with_dividends,0.0025,post_publication,entry_time_bucket,close_271_plus,-53324.828799997726,gross_USD,97.0
corrected_execution__halt_aware__with_dividends__slip_0p0025,corrected_execution,halt_aware,with_dividends,0.0025,post_publication,volatility_regime_quintile,Q1,-52885.25470000002,gross_USD,51.0
corrected_execution__halt_aware__with_dividends__slip_0p0025,corrected_execution,halt_aware,with_dividends,0.0025,post_publication,volatility_regime_quintile,Q2,313433.7787000003,gross_USD,108.0
corrected_execution__halt_aware__with_dividends__slip_0p0025,corrected_execution,halt_aware,with_dividends,0.0025,post_publication,volatility_regime_quintile,Q3,-31893.540999999896,gross_USD,109.0
corrected_execution__halt_aware__with_dividends__slip_0p0025,corrected_execution,halt_aware,with_dividends,0.0025,post_publication,volatility_regime_quintile,Q4,10414.119100000673,gross_USD,139.0
corrected_execution__halt_aware__with_dividends__slip_0p0025,corrected_execution,halt_aware,with_dividends,0.0025,post_publication,volatility_regime_quintile,Q5,116068.78830000048,gross_USD,56.0
