session_date,close
2007-04-24,46.28
2007-04-25,46.28
2007-04-26,46.49
2007-04-27,46.5
2007-04-30,45.94
2007-05-01,46.04
2007-05-02,46.47
2007-05-03,46.59
2007-05-04,46.59
2007-05-07,46.6194
2007-05-08,46.71
2007-05-09,46.86
2007-05-10,46.09
2007-05-11,46.69
2007-05-14,46.41
2007-05-15,46.02
2007-05-16,46.52
2007-05-17,46.36
2007-05-18,46.66
2007-05-21,46.98
2007-05-22,47.13
2007-05-23,46.82
2007-05-24,46.0881
2007-05-25,46.49
2007-05-29,46.71
2007-05-30,47.17
2007-05-31,47.46
2007-06-04,47.59
2007-06-05,47.53
2007-06-06,47.14
2007-06-07,46.35
2007-06-08,46.92
2007-06-11,46.8
2007-06-12,46.55
2007-06-13,47.04
2007-06-14,47.3585
2007-06-15,47.73
2007-06-18,47.81
2007-06-19,47.77
2007-06-20,47.28
2007-06-21,47.7399
2007-06-22,47.3
2007-06-25,46.99
2007-06-26,46.92
2007-06-27,47.54
2007-06-28,47.52
2007-06-29,47.52
2007-07-02,48.03
2007-07-03,48.2795
2007-07-05,48.71
2007-07-06,48.87
2007-07-09,48.91
2007-07-10,48.49
2007-07-11,48.77
2007-07-12,49.66
2007-07-13,49.94
2007-07-16,49.87
2007-07-17,50.21
2007-07-18,50.09
2007-07-19,50.48
2007-07-20,50.03
2007-07-23,50.03
2007-07-24,49.2
2007-07-25,49.4
2007-07-26,48.95
2007-07-27,48.18
2007-07-30,48.5285
2007-07-31,47.5585
2007-08-01,47.78
2007-08-02,48.33
2007-08-03,47.19
2007-08-06,48.0
2007-08-07,48.24
2007-08-08,48.69
2007-08-09,47.79
2007-08-10,47.39
2007-08-13,47.58
2007-08-14,46.81
2007-08-15,45.87
2007-08-16,45.46
2007-08-17,46.41
2007-08-20,46.56
2007-08-21,47.0
2007-08-22,47.65
2007-08-23,47.5
2007-08-24,48.22
2007-08-27,47.93
2007-08-28,46.74
2007-08-29,48.05
2007-08-30,48.3
2007-08-31,48.89
2007-09-04,49.7
2007-09-05,49.06
2007-09-06,49.2
2007-09-07,48.16
2007-09-10,48.19
2007-09-11,48.92
2007-09-12,48.94
2007-09-13,49.17
2007-09-14,49.22
2007-09-17,48.78
2007-09-18,50.03
2007-09-19,50.19
2007-09-20,50.01
2007-09-21,50.361
2007-09-24,50.57
2007-09-25,51.04
2007-09-26,51.34
2007-09-27,51.51
2007-09-28,51.36
2007-10-01,52.03
2007-10-02,52.01
2007-10-03,51.699
2007-10-04,51.77
2007-10-05,52.8
2007-10-08,53.14
2007-10-09,53.36
2007-10-10,53.53
2007-10-11,52.68
2007-10-12,53.5
2007-10-15,53.08
2007-10-16,52.92
2007-10-17,53.53
2007-10-18,53.79
2007-10-19,52.458
2007-10-22,53.019
2007-10-23,54.17
2007-10-24,53.76
2007-10-25,53.19
2007-10-26,53.91
2007-10-29,54.1301
2007-10-30,54.3
2007-10-31,54.99
2007-11-01,54.069
2007-11-02,54.4
2007-11-05,54.14
2007-11-06,54.65
2007-11-07,53.34
2007-11-08,51.82
2007-11-09,50.06
2007-11-12,48.7801
2007-11-13,50.75
2007-11-14,50.11
2007-11-15,49.82
2007-11-16,50.4081
2007-11-19,49.76
2007-11-20,49.86
2007-11-21,49.31
2007-11-23,49.76
2007-11-26,48.92
2007-11-27,49.9901
2007-11-28,51.59
2007-11-29,51.6999
2007-11-30,51.36
2007-12-03,50.88
2007-12-04,50.62
2007-12-05,51.66
2007-12-06,52.32
2007-12-07,52.41
2007-12-10,52.53
2007-12-11,51.33
2007-12-12,51.6601
2007-12-13,51.54
2007-12-14,51.0076
2007-12-17,49.77
2007-12-18,49.93
2007-12-19,49.98
2007-12-20,50.909
2007-12-21,51.84
2007-12-24,52.31
2007-12-26,52.51
2007-12-27,51.8
2007-12-28,51.78
2007-12-31,51.23
2008-01-02,50.4
2008-01-03,50.39
2008-01-04,48.34
2008-01-07,48.16
2008-01-08,47.008
2008-01-09,47.89
2008-01-10,48.08
2008-01-11,47.0699
2008-01-14,47.91
2008-01-15,46.61
2008-01-16,46.07
2008-01-17,45.35
2008-01-18,45.39
2008-01-22,44.25
2008-01-23,44.03
2008-01-24,44.87
2008-01-25,44.04
2008-01-28,44.33
2008-01-29,44.43
2008-01-30,44.41
2008-01-31,45.13
2008-02-01,45.59
2008-02-04,44.96
2008-02-05,43.6799
2008-02-06,42.8495
2008-02-07,43.09
2008-02-08,43.54
2008-02-11,44.07
2008-02-12,43.81
2008-02-13,44.7999
2008-02-14,43.958
2008-02-15,43.7801
2008-02-19,43.4
2008-02-20,43.9001
2008-02-21,43.4101
2008-02-22,43.53
2008-02-25,43.94
2008-02-26,44.05
2008-02-27,44.3
2008-02-28,44.1499
2008-02-29,42.968
2008-03-03,42.68
2008-03-04,42.91
2008-03-05,43.11
2008-03-06,42.14
2008-03-07,42.02
2008-03-10,41.24
2008-03-11,42.78
2008-03-12,42.65
2008-03-13,43.04
2008-03-14,42.28
2008-03-17,41.6
2008-03-18,43.292
2008-03-19,42.3
2008-03-20,43.08
2008-03-24,44.56
2008-03-25,44.84
2008-03-26,44.7
2008-03-27,43.8
2008-03-28,43.42
2008-03-31,43.78
2008-04-01,45.58
2008-04-02,45.47
2008-04-03,45.64
2008-04-04,45.86
2008-04-07,45.78
2008-04-08,45.4
2008-04-09,44.87
2008-04-10,45.58
2008-04-11,44.29
2008-04-14,44.06
2008-04-15,44.09
2008-04-16,45.37
2008-04-17,45.27
2008-04-18,46.71
2008-04-21,47.03
2008-04-22,46.3
2008-04-23,46.84
2008-04-24,47.33
2008-04-25,47.2
2008-04-28,47.31
2008-04-29,47.59
2008-04-30,47.169
2008-05-01,48.7
2008-05-02,48.7005
2008-05-05,48.62
2008-05-06,48.9601
2008-05-07,47.99
2008-05-08,48.41
2008-05-09,48.209
2008-05-12,49.089
2008-05-13,49.24
2008-05-14,49.18
2008-05-15,49.95
2008-05-16,49.99
2008-05-19,49.65
2008-05-20,49.21
2008-05-21,48.1699
2008-05-22,48.34
2008-05-23,48.185
2008-05-27,49.07
2008-05-28,49.22
2008-05-29,49.72
2008-05-30,50.01
2008-06-02,49.38
2008-06-03,49.22
2008-06-04,49.69
2008-06-05,50.54
2008-06-06,49.07
2008-06-09,48.7101
2008-06-10,48.55
2008-06-11,47.38
2008-06-12,47.41
2008-06-13,48.35
2008-06-16,48.811
2008-06-17,48.61
2008-06-18,48.03
2008-06-19,48.77
2008-06-20,47.419
2008-06-23,47.08
2008-06-24,46.82
2008-06-25,47.51
2008-06-26,45.69
2008-06-27,45.61
2008-06-30,45.2
2008-07-01,45.76
2008-07-02,44.71
2008-07-03,44.65
2008-07-07,44.91
2008-07-08,45.97
2008-07-09,44.76
2008-07-10,45.2
2008-07-11,44.55
2008-07-14,44.2621
2008-07-15,44.2501
2008-07-16,45.36
2008-07-17,45.53
2008-07-18,44.8601
2008-07-21,44.74
2008-07-22,44.77
2008-07-23,45.27
2008-07-24,44.74
2008-07-25,45.42
2008-07-28,44.339
2008-07-29,45.37
2008-07-30,45.54
2008-07-31,45.449
2008-08-01,44.9
2008-08-04,44.4
2008-08-05,45.95
2008-08-06,46.6399
2008-08-07,46.2677
2008-08-08,47.31
2008-08-11,47.73
2008-08-12,47.76
2008-08-13,47.78
2008-08-14,48.32
2008-08-15,48.16
2008-08-18,47.55
2008-08-19,46.94
2008-08-20,47.09
2008-08-21,46.92
2008-08-22,47.51
2008-08-25,46.49
2008-08-26,46.42
2008-08-27,46.74
2008-08-28,47.11
2008-08-29,46.09
2008-09-02,45.57
2008-09-03,45.14
2008-09-04,43.7101
2008-09-05,43.5399
2008-09-08,43.41
2008-09-09,42.402
2008-09-10,42.75
2008-09-11,43.66
2008-09-12,43.472
2008-09-15,42.12
2008-09-16,42.33
2008-09-17,40.29
2008-09-18,41.56
2008-09-19,42.85
2008-09-22,40.99
2008-09-23,40.58
2008-09-24,40.791
2008-09-25,41.5
2008-09-26,41.17
2008-09-29,37.64
2008-09-30,39.1
2008-10-01,38.53
2008-10-02,36.75
2008-10-03,36.15
2008-10-06,34.83
2008-10-07,32.81
2008-10-08,32.71
2008-10-09,31.67
2008-10-10,31.22
2008-10-13,34.96
2008-10-14,33.61
2008-10-15,30.7
2008-10-16,32.22
2008-10-17,32.2697
2008-10-20,33.26
2008-10-21,31.5495
2008-10-22,30.47
2008-10-23,30.4721
2008-10-24,29.66
2008-10-27,28.73
2008-10-28,31.78
2008-10-29,31.9
2008-10-30,32.83
2008-10-31,32.82
2008-11-03,32.79
2008-11-04,33.91
2008-11-05,31.938
2008-11-06,30.61
2008-11-07,31.27
2008-11-10,30.81
2008-11-11,30.09
2008-11-12,28.718
2008-11-13,30.51
2008-11-14,29.0
2008-11-17,28.33
2008-11-18,28.24
2008-11-19,26.82
2008-11-20,25.5621
2008-11-21,26.65
2008-11-24,28.2705
2008-11-25,28.1375
2008-11-26,29.29
2008-11-28,29.158
2008-12-01,26.92
2008-12-02,27.82
2008-12-03,28.68
2008-12-04,27.75
2008-12-05,29.04
2008-12-08,30.12
2008-12-09,29.84
2008-12-10,30.17
2008-12-11,29.07
2008-12-12,29.7
2008-12-15,29.152
2008-12-16,30.54
2008-12-17,30.24
2008-12-18,29.61
2008-12-19,29.9695
2008-12-22,29.25
2008-12-23,29.07
2008-12-24,29.1
2008-12-26,29.12
2008-12-29,28.81
2008-12-30,29.53
2008-12-31,29.83
2009-01-02,31.01
2009-01-05,31.0
2009-01-06,31.3
2009-01-07,30.4401
2009-01-08,30.73
2009-01-09,30.08
2009-01-12,29.558
2009-01-13,29.57
2009-01-14,28.6601
2009-01-15,29.17
2009-01-16,29.5
2009-01-20,28.0
2009-01-21,29.1301
2009-01-22,28.77
2009-01-23,28.99
2009-01-26,29.11
2009-01-27,29.401
2009-01-28,30.38
2009-01-29,29.63
2009-01-30,29.04
2009-02-02,29.43
2009-02-03,29.87
2009-02-04,29.95
2009-02-05,30.57
2009-02-06,31.37
2009-02-09,31.5399
2009-02-10,30.31
2009-02-11,30.19
2009-02-12,30.58
2009-02-13,30.49
2009-02-17,29.29
2009-02-18,29.29
2009-02-19,28.82
2009-02-20,28.9
2009-02-23,27.85
2009-02-24,28.8
2009-02-25,28.58
2009-02-26,27.82
2009-02-27,27.61
2009-03-02,26.6
2009-03-03,26.73
2009-03-04,27.34
2009-03-05,26.53
2009-03-06,26.238
2009-03-09,25.73
2009-03-10,27.33
2009-03-11,27.73
2009-03-12,28.641
2009-03-13,28.7201
2009-03-16,28.25
2009-03-17,29.29
2009-03-18,29.68
2009-03-19,29.64
2009-03-20,29.17
2009-03-23,30.87
2009-03-24,30.32
2009-03-25,30.45
2009-03-26,31.4
2009-03-27,30.75
2009-03-30,30.03
2009-03-31,30.39
2009-04-01,30.78
2009-04-02,31.67
2009-04-03,32.33
2009-04-06,32.26
2009-04-07,31.36
2009-04-08,31.94
2009-04-09,32.89
2009-04-13,32.92
2009-04-14,32.57
2009-04-15,32.42
2009-04-16,33.24
2009-04-17,33.27
2009-04-20,32.2403
2009-04-21,32.6986
2009-04-22,32.78
2009-04-23,33.0
2009-04-24,33.692
2009-04-27,33.7
2009-04-28,33.49
2009-04-29,33.94
2009-04-30,34.26
2009-05-01,34.36
2009-05-04,35.02
2009-05-05,35.01
2009-05-06,34.98
2009-05-07,34.16
2009-05-08,34.27
2009-05-11,34.33
2009-05-12,33.87
2009-05-13,33.02
2009-05-14,33.43
2009-05-15,33.38
2009-05-18,34.24
2009-05-19,34.38
2009-05-20,34.24
2009-05-21,33.64
2009-05-22,33.58
2009-05-26,34.76
2009-05-27,34.48
2009-05-28,35.0
2009-05-29,35.24
2009-06-01,36.38
2009-06-02,36.42
2009-06-03,36.3
2009-06-04,36.72
2009-06-05,36.76
2009-06-08,36.68
2009-06-09,37.0
2009-06-10,36.79
2009-06-11,36.86
2009-06-12,36.66
2009-06-15,35.8695
2009-06-16,35.56
2009-06-17,35.88
2009-06-18,35.85
2009-06-19,36.16
2009-06-22,35.12
2009-06-23,35.03
2009-06-24,35.61
2009-06-25,36.33
2009-06-26,36.38
2009-06-29,36.49
2009-06-30,36.33
2009-07-01,36.4
2009-07-02,35.59
2009-07-06,35.44
2009-07-07,34.54
2009-07-08,34.78
2009-07-09,34.77
2009-07-10,34.94
2009-07-13,35.54
2009-07-14,35.7
2009-07-15,36.9
2009-07-16,37.33
2009-07-17,37.54
2009-07-20,37.94
2009-07-21,38.15
2009-07-22,38.5
2009-07-23,39.37
2009-07-24,39.36
2009-07-27,39.33
2009-07-28,39.49
2009-07-29,39.34
2009-07-30,39.5495
2009-07-31,39.47
2009-08-03,40.02
2009-08-04,40.0
2009-08-05,39.7401
2009-08-06,39.39
2009-08-07,39.88
2009-08-10,39.61
2009-08-11,39.2689
2009-08-12,39.8604
2009-08-13,40.0501
2009-08-14,39.6
2009-08-17,38.53
2009-08-18,38.99
2009-08-19,39.3
2009-08-20,39.76
2009-08-21,40.2896
2009-08-24,40.22
2009-08-25,40.35
2009-08-26,40.3
2009-08-27,40.4199
2009-08-28,40.46
2009-08-31,40.02
2009-09-01,39.33
2009-09-02,39.24
2009-09-03,39.56
2009-09-04,40.33
2009-09-08,40.74
2009-09-09,41.08
2009-09-10,41.52
2009-09-11,41.48
2009-09-14,41.7
2009-09-15,41.87
2009-09-16,42.42
2009-09-17,42.39
2009-09-18,42.45
2009-09-21,42.56
2009-09-22,42.61
2009-09-23,42.41
2009-09-24,42.1
2009-09-25,41.6601
2009-09-28,42.41
2009-09-29,42.25
2009-09-30,42.24
2009-10-01,41.03
2009-10-02,40.9
2009-10-05,41.21
2009-10-06,41.96
2009-10-07,42.06
2009-10-08,42.24
2009-10-09,42.49
2009-10-12,42.55
2009-10-13,42.58
2009-10-14,43.15
2009-10-15,43.09
2009-10-16,42.75
2009-10-19,43.2199
2009-10-20,43.22
2009-10-21,43.11
2009-10-22,43.32
2009-10-23,43.1405
2009-10-26,42.98
2009-10-27,42.35
2009-10-28,41.3999
2009-10-29,42.12
2009-10-30,41.01
2009-11-02,41.15
2009-11-03,41.25
2009-11-04,41.32
2009-11-05,42.34
2009-11-06,42.6
2009-11-09,43.5
2009-11-10,43.6
2009-11-11,43.88
2009-11-12,43.63
2009-11-13,44.02
2009-11-16,44.46
2009-11-17,44.59
2009-11-18,44.36
2009-11-19,43.65
2009-11-20,43.45
2009-11-23,44.14
2009-11-24,43.96
2009-11-25,44.18
2009-11-27,43.52
2009-11-30,43.5499
2009-12-01,43.98
2009-12-02,44.07
2009-12-03,43.91
2009-12-04,44.15
2009-12-07,43.915
2009-12-08,43.6683
2009-12-09,44.11
2009-12-10,44.32
2009-12-11,44.13
2009-12-14,44.54
2009-12-15,44.27
2009-12-16,44.37
2009-12-17,43.84
2009-12-18,44.43
2009-12-21,44.96
2009-12-22,45.23
2009-12-23,45.56
2009-12-24,45.9604
2009-12-28,46.19
2009-12-29,46.04
2009-12-30,46.17
2009-12-31,45.778
2010-01-04,46.3798
2010-01-05,46.41
2010-01-06,46.17
2010-01-07,46.13
2010-01-08,46.52
2010-01-11,46.39
2010-01-12,45.76
2010-01-13,46.3699
2010-01-14,46.38
2010-01-15,45.89
2010-01-19,46.59
2010-01-20,45.94
2010-01-21,45.47
2010-01-22,44.11
2010-01-25,44.34
2010-01-26,44.3693
2010-01-27,44.72
2010-01-28,43.58
2010-01-29,42.86
2010-02-01,43.26
2010-02-02,43.6696
2010-02-03,43.87
2010-02-04,42.65
2010-02-05,42.96
2010-02-08,42.68
2010-02-09,43.11
2010-02-10,43.03
2010-02-11,43.69
2010-02-12,43.73
2010-02-16,44.3
2010-02-17,44.5381
2010-02-18,44.875
2010-02-19,44.8402
2010-02-22,44.71
2010-02-23,44.1388
2010-02-24,44.62
2010-02-25,44.611
2010-02-26,44.8
2010-03-01,45.43
2010-03-02,45.54
2010-03-03,45.57
2010-03-04,45.76
2010-03-05,46.44
2010-03-08,46.53
2010-03-09,46.78
2010-03-10,47.18
2010-03-11,47.34
2010-03-12,47.35
2010-03-15,47.23
2010-03-16,47.5775
2010-03-17,47.64
2010-03-18,47.8314
2010-03-19,47.47
2010-03-22,47.92
2010-03-23,48.27
2010-03-24,48.01
2010-03-25,47.93
2010-03-26,48.01
2010-03-29,48.181
2010-03-30,48.38
2010-03-31,48.17
2010-04-01,48.15
2010-04-05,48.63
2010-04-06,48.73
2010-04-07,48.6
2010-04-08,48.72
2010-04-09,49.02
2010-04-12,49.08
2010-04-13,49.27
2010-04-14,49.9
2010-04-15,50.16
2010-04-16,49.55
2010-04-19,49.54
2010-04-20,49.73
2010-04-21,50.05
2010-04-22,50.3
2010-04-23,50.545
2010-04-26,50.39
2010-04-27,49.36
2010-04-28,49.3699
2010-04-29,50.23
2010-04-30,49.225
2010-05-03,49.93
2010-05-04,48.42
2010-05-05,48.15
2010-05-06,46.68
2010-05-07,45.58
2010-05-10,47.7401
2010-05-11,47.74
2010-05-12,48.58
2010-05-13,47.895
2010-05-14,46.9
2010-05-17,47.105
2010-05-18,46.44
2010-05-19,46.06
2010-05-20,44.38
2010-05-21,44.83
2010-05-24,44.68
2010-05-25,44.68
2010-05-26,44.25
2010-05-27,45.87
2010-05-28,45.63
2010-06-01,45.1725
2010-06-02,46.26
2010-06-03,46.69
2010-06-04,45.08
2010-06-07,44.265
2010-06-08,44.22
2010-06-09,43.86
2010-06-10,45.09
2010-06-11,45.48
2010-06-14,45.43
2010-06-15,46.72
2010-06-16,46.91
2010-06-17,47.07
2010-06-18,47.0201
2010-06-21,46.57
2010-06-22,46.215
2010-06-23,46.02
2010-06-24,45.3
2010-06-25,45.29
2010-06-28,45.1401
2010-06-29,43.4
2010-06-30,42.77
2010-07-01,42.63
2010-07-02,42.52
2010-07-06,42.58
2010-07-07,43.96
2010-07-08,44.2
2010-07-09,44.6
2010-07-12,44.76
2010-07-13,45.3699
2010-07-14,45.5419
2010-07-15,45.665
2010-07-16,44.36
2010-07-19,44.6999
2010-07-20,45.2136
2010-07-21,44.64
2010-07-22,45.77
2010-07-23,46.09
2010-07-26,46.44
2010-07-27,46.44
2010-07-28,46.04
2010-07-29,45.7393
2010-07-30,45.86
2010-08-02,46.66
2010-08-03,46.45
2010-08-04,46.9501
2010-08-05,46.8
2010-08-06,46.785
2010-08-09,47.08
2010-08-10,46.68
2010-08-11,45.4
2010-08-12,45.08
2010-08-13,44.77
2010-08-16,44.79
2010-08-17,45.37
2010-08-18,45.55
2010-08-19,44.88
2010-08-20,44.95
2010-08-23,44.475
2010-08-24,43.65
2010-08-25,44.1
2010-08-26,43.56
2010-08-27,44.09
2010-08-30,43.63
2010-08-31,43.46
2010-09-01,44.77
2010-09-02,45.26
2010-09-03,45.995
2010-09-07,45.68
2010-09-08,46.2189
2010-09-09,46.42
2010-09-10,46.53
2010-09-13,47.26
2010-09-14,47.48
2010-09-15,47.72
2010-09-16,47.94
2010-09-17,48.02
2010-09-20,48.83
2010-09-21,48.76
2010-09-22,48.66
2010-09-23,48.63
2010-09-24,49.655
2010-09-27,49.37
2010-09-28,49.42
2010-09-29,49.3
2010-09-30,49.09
2010-10-01,49.05
2010-10-04,48.49
2010-10-05,49.67
2010-10-06,49.2
2010-10-07,49.3618
2010-10-08,49.745
2010-10-11,49.74
2010-10-12,50.12
2010-10-13,50.515
2010-10-14,50.41
2010-10-15,51.45
2010-10-18,51.64
2010-10-19,50.79
2010-10-20,51.185
2010-10-21,51.28
2010-10-22,51.58
2010-10-25,51.88
2010-10-26,51.99
2010-10-27,52.19
2010-10-28,52.31
2010-10-29,52.205
2010-11-01,52.235
2010-11-02,52.775
2010-11-03,52.97
2010-11-04,53.68
2010-11-05,53.68
2010-11-08,53.7
2010-11-09,53.4
2010-11-10,53.72
2010-11-11,53.38
2010-11-12,52.52
2010-11-15,52.34
2010-11-16,51.485
2010-11-17,51.615
2010-11-18,52.46
2010-11-19,52.48
2010-11-22,52.85
2010-11-23,52.06
2010-11-24,53.115
2010-11-26,52.9901
2010-11-29,52.75
2010-11-30,52.12
2010-12-01,53.2
2010-12-02,53.73
2010-12-03,53.865
2010-12-06,53.84
2010-12-07,53.822
2010-12-08,54.11
2010-12-09,54.09
2010-12-10,54.53
2010-12-13,54.2999
2010-12-14,54.36
2010-12-15,54.2075
2010-12-16,54.56
2010-12-17,54.52
2010-12-20,54.56
2010-12-21,54.83
2010-12-22,54.89
2010-12-23,54.71
2010-12-27,54.76
2010-12-28,54.68
2010-12-29,54.78
2010-12-30,54.65
2010-12-31,54.43
2011-01-03,55.301
2011-01-04,55.29
2011-01-05,55.72
2011-01-06,55.929
2011-01-07,55.88
2011-01-10,56.1
2011-01-11,56.16
2011-01-12,56.56
2011-01-13,56.565
2011-01-14,57.01
2011-01-18,57.17
2011-01-19,56.48
2011-01-20,56.1
2011-01-21,55.685
2011-01-24,56.42
2011-01-25,56.52
2011-01-26,56.84
2011-01-27,57.2
2011-01-28,55.71
2011-01-31,55.985
2011-02-01,57.045
2011-02-02,56.95
2011-02-03,57.05
2011-02-04,57.3799
2011-02-07,57.65
2011-02-08,58.019
2011-02-09,57.93
2011-02-10,57.97
2011-02-11,58.39
2011-02-14,58.57
2011-02-15,58.47
2011-02-16,58.885
2011-02-17,58.87
2011-02-18,58.74
2011-02-22,57.03
2011-02-23,56.58
2011-02-24,56.89
2011-02-25,57.645
2011-02-28,57.745
2011-03-01,56.886
2011-03-02,57.17
2011-03-03,58.25
2011-03-04,57.967
2011-03-07,57.19
2011-03-08,57.44
2011-03-09,57.05
2011-03-10,56.12
2011-03-11,56.491
2011-03-14,56.29
2011-03-15,55.56
2011-03-16,54.14
2011-03-17,54.66
2011-03-18,54.46
2011-03-21,55.53
2011-03-22,55.42
2011-03-23,55.73
2011-03-24,56.71
2011-03-25,56.8505
2011-03-28,56.5113
2011-03-29,57.0399
2011-03-30,57.33
2011-03-31,57.43
2011-04-01,57.465
2011-04-04,57.25
2011-04-05,57.11
2011-04-06,57.25
2011-04-07,57.195
2011-04-08,56.95
2011-04-11,56.765
2011-04-12,56.38
2011-04-13,56.83
2011-04-14,56.735
2011-04-15,56.625
2011-04-18,56.255
2011-04-19,56.57
2011-04-20,57.875
2011-04-21,58.33
2011-04-25,58.47
2011-04-26,58.795
2011-04-27,59.21
2011-04-28,59.165
2011-04-29,59.025
2011-05-02,58.985
2011-05-03,58.7
2011-05-04,58.62
2011-05-05,58.27
2011-05-06,58.55
2011-05-09,58.705
2011-05-10,59.17
2011-05-11,58.775
2011-05-12,59.095
2011-05-13,58.41
2011-05-16,57.405
2011-05-17,57.535
2011-05-18,58.04
2011-05-19,58.205
2011-05-20,57.81
2011-05-23,56.94
2011-05-24,56.585
2011-05-25,56.81
2011-05-26,57.135
2011-05-27,57.425
2011-05-31,58.245
2011-06-01,57.12
2011-06-02,57.185
2011-06-03,56.38
2011-06-06,55.91
2011-06-07,55.765
2011-06-08,55.4295
2011-06-09,55.5
2011-06-10,54.63
2011-06-13,54.62
2011-06-14,55.35
2011-06-15,54.3
2011-06-16,54.07
2011-06-17,53.8
2011-06-20,54.055
2011-06-21,55.23
2011-06-22,54.83
2011-06-23,55.341
2011-06-24,54.385
2011-06-27,55.235
2011-06-28,56.0601
2011-06-29,56.28
2011-06-30,57.04
2011-07-01,57.91
2011-07-05,58.18
2011-07-06,58.33
2011-07-07,59.195
2011-07-08,59.025
2011-07-11,57.915
2011-07-12,57.55
2011-07-13,57.74
2011-07-14,57.07
2011-07-15,57.795
2011-07-18,57.49
2011-07-19,58.77
2011-07-20,58.5898
2011-07-21,59.01
2011-07-22,59.58
2011-07-25,59.495
2011-07-26,59.58
2011-07-27,58.14
2011-07-28,58.2
2011-07-29,58.0815
2011-08-01,57.73
2011-08-02,56.24
2011-08-03,56.83
2011-08-04,54.275
2011-08-05,53.96
2011-08-08,50.73
2011-08-09,52.9
2011-08-10,50.86
2011-08-11,53.16
2011-08-12,53.56
2011-08-15,54.325
2011-08-16,53.88
2011-08-17,53.55
2011-08-18,50.98
2011-08-19,50.06
2011-08-22,50.16
2011-08-23,52.24
2011-08-24,52.66
2011-08-25,51.82
2011-08-26,53.08
2011-08-29,54.65
2011-08-30,55.02
2011-08-31,54.97
2011-09-01,54.51
2011-09-02,53.3
2011-09-06,53.3431
2011-09-07,54.606
2011-09-08,54.43
2011-09-09,53.24
2011-09-12,53.81
2011-09-13,54.59
2011-09-14,55.42
2011-09-15,56.115
2011-09-16,56.53
2011-09-19,56.63
2011-09-20,56.36
2011-09-21,55.44
2011-09-22,53.68
2011-09-23,54.12
2011-09-26,54.82
2011-09-27,55.27
2011-09-28,54.53
2011-09-29,53.84
2011-09-30,52.54
2011-10-03,51.2
2011-10-04,52.2663
2011-10-05,53.53
2011-10-06,54.405
2011-10-07,54.015
2011-10-10,55.83
2011-10-11,56.25
2011-10-12,56.65
2011-10-13,57.09
2011-10-14,58.17
2011-10-17,57.15
2011-10-18,57.98
2011-10-19,56.83
2011-10-20,56.63
2011-10-21,57.28
2011-10-24,58.515
2011-10-25,57.23
2011-10-26,57.26
2011-10-27,58.79
2011-10-28,58.92
2011-10-31,57.98
2011-11-01,56.37
2011-11-02,56.91
2011-11-03,58.13
2011-11-04,57.79
2011-11-07,58.18
2011-11-08,58.92
2011-11-09,56.84
2011-11-10,56.77
2011-11-11,57.82
2011-11-14,57.46
2011-11-15,58.125
2011-11-16,57.12
2011-11-17,55.711
2011-11-18,55.395
2011-11-21,54.45
2011-11-22,54.49
2011-11-23,53.35
2011-11-25,52.96
2011-11-28,54.67
2011-11-29,54.4
2011-11-30,56.41
2011-12-01,56.745
2011-12-02,56.69
2011-12-05,57.2
2011-12-06,57.1
2011-12-07,57.07
2011-12-08,56.08
2011-12-09,57.085
2011-12-12,56.41
2011-12-13,55.759
2011-12-14,54.94
2011-12-15,54.725
2011-12-16,54.862
2011-12-19,54.32
2011-12-20,55.9
2011-12-21,55.121
2011-12-22,55.56
2011-12-23,56.055
2011-12-27,56.22
2011-12-28,55.52
2011-12-29,56.01
2011-12-30,55.87
2012-01-03,56.88
2012-01-04,57.11
2012-01-05,57.62
2012-01-06,57.74
2012-01-09,57.65
2012-01-10,58.03
2012-01-11,58.17
2012-01-12,58.41
2012-01-13,58.13
2012-01-17,58.67
2012-01-18,59.46
2012-01-19,59.86
2012-01-20,59.74
2012-01-23,59.76
2012-01-24,59.64
2012-01-25,60.493
2012-01-26,60.16
2012-01-27,60.385
2012-01-30,60.42
2012-01-31,60.53
2012-02-01,60.99
2012-02-02,61.2
2012-02-03,62.07
2012-02-06,62.0
2012-02-07,62.09
2012-02-08,62.4399
2012-02-09,62.91
2012-02-10,62.44
2012-02-13,63.01
2012-02-14,63.165
2012-02-15,62.71
2012-02-16,63.6401
2012-02-17,63.46
2012-02-21,63.58
2012-02-22,63.3
2012-02-23,63.71
2012-02-24,63.95
2012-02-27,64.07
2012-02-28,64.65
2012-02-29,64.42
2012-03-01,64.93
2012-03-02,64.86
2012-03-05,64.18
2012-03-06,63.59
2012-03-07,64.05
2012-03-08,64.77
2012-03-09,64.99
2012-03-12,65.01
2012-03-13,66.22
2012-03-14,66.5
2012-03-15,66.68
2012-03-16,66.47
2012-03-19,67.0
2012-03-20,67.12
2012-03-21,67.15
2012-03-22,66.97
2012-03-23,66.95
2012-03-26,68.08
2012-03-27,68.21
2012-03-28,67.93
2012-03-29,67.74
2012-03-30,67.59
2012-04-02,68.225
2012-04-03,68.22
2012-04-04,67.36
2012-04-05,67.75
2012-04-09,67.2
2012-04-10,66.11
2012-04-11,66.43
2012-04-12,67.225
2012-04-13,66.17
2012-04-16,65.47
2012-04-17,66.85
2012-04-18,66.64
2012-04-19,65.88
2012-04-20,65.64
2012-04-23,65.1
2012-04-24,64.7
2012-04-25,66.435
2012-04-26,66.787
2012-04-27,67.2
2012-04-30,66.7709
2012-05-01,66.8714
2012-05-02,67.03
2012-05-03,66.36
2012-05-04,64.78
2012-05-07,64.81
2012-05-08,64.561
2012-05-09,64.33
2012-05-10,64.128
2012-05-11,64.205
2012-05-14,63.55
2012-05-15,63.4
2012-05-16,62.94
2012-05-17,61.71
2012-05-18,60.86
2012-05-21,62.52
2012-05-22,62.28
2012-05-23,62.54
2012-05-24,62.13
2012-05-25,62.05
2012-05-29,62.831
2012-05-30,62.39
2012-05-31,62.06
2012-06-01,60.44
2012-06-04,60.89
2012-06-05,61.14
2012-06-06,62.488
2012-06-07,62.35
2012-06-08,62.845
2012-06-11,61.805
2012-06-12,62.56
2012-06-13,62.07
2012-06-14,62.44
2012-06-15,63.05
2012-06-18,63.58
2012-06-19,64.26
2012-06-20,64.27
2012-06-21,62.65
2012-06-22,63.42
2012-06-25,62.13
2012-06-26,62.58
2012-06-27,62.885
2012-06-28,62.22
2012-06-29,64.06
2012-07-02,64.36
2012-07-03,64.82
2012-07-05,64.95
2012-07-06,64.06
2012-07-09,64.0
2012-07-10,63.43
2012-07-11,63.09
2012-07-12,62.4
2012-07-13,63.41
2012-07-16,63.16
2012-07-17,63.525
2012-07-18,64.35
2012-07-19,65.16
2012-07-20,64.23
2012-07-23,63.51
2012-07-24,62.95
2012-07-25,62.46
2012-07-26,63.43
2012-07-27,64.82
2012-07-30,64.76
2012-07-31,64.84
2012-08-01,64.605
2012-08-02,64.43
2012-08-03,65.6401
2012-08-06,66.073
2012-08-07,66.6399
2012-08-08,66.52
2012-08-09,66.745
2012-08-10,66.85
2012-08-13,66.97
2012-08-14,67.0
2012-08-15,67.23
2012-08-16,68.02
2012-08-17,68.29
2012-08-20,68.39
2012-08-21,68.06
2012-08-22,68.41
2012-08-23,67.87
2012-08-24,68.26
2012-08-27,68.32
2012-08-28,68.365
2012-08-29,68.42
2012-08-30,67.68
2012-08-31,68.25
2012-09-04,68.14
2012-09-05,67.98
2012-09-06,69.49
2012-09-07,69.4
2012-09-10,68.54
2012-09-11,68.48
2012-09-12,68.58
2012-09-13,69.55
2012-09-14,70.09
2012-09-17,70.1601
2012-09-18,70.19
2012-09-19,70.43
2012-09-20,70.25
2012-09-21,70.11
2012-09-24,69.72
2012-09-25,68.74
2012-09-26,68.17
2012-09-27,69.15
2012-09-28,68.63
2012-10-01,68.44
2012-10-02,68.63
2012-10-03,69.13
2012-10-04,69.35
2012-10-05,68.9
2012-10-08,68.36
2012-10-09,67.24
2012-10-10,66.89
2012-10-11,66.745
2012-10-12,66.75
2012-10-15,67.21
2012-10-16,68.19
2012-10-17,68.035
2012-10-18,67.27
2012-10-19,65.69
2012-10-22,66.0984
2012-10-23,65.46
2012-10-24,65.1384
2012-10-25,65.17
2012-10-26,65.34
2012-10-31,64.95
2012-11-01,65.9
2012-11-02,65.17
2012-11-05,65.56
2012-11-06,65.72
2012-11-07,64.23
2012-11-08,63.24
2012-11-09,63.45
2012-11-12,63.43
2012-11-13,62.99
2012-11-14,62.22
2012-11-15,62.1499
2012-11-16,62.369
2012-11-19,63.77
2012-11-20,63.72
2012-11-21,63.93
2012-11-23,64.89
2012-11-26,65.19
2012-11-27,64.93
2012-11-28,65.56
2012-11-29,65.91
2012-11-30,65.9301
2012-12-03,65.655
2012-12-04,65.63
2012-12-05,64.845
2012-12-06,65.32
2012-12-07,64.9
2012-12-10,65.09
2012-12-11,65.99
2012-12-12,65.77
2012-12-13,65.28
2012-12-14,64.625
2012-12-17,65.53
2012-12-18,66.6
2012-12-19,66.26
2012-12-20,66.26
2012-12-21,65.19
2012-12-24,65.0
2012-12-26,64.49
2012-12-27,64.54
2012-12-28,63.87
2012-12-31,64.97
2013-01-02,67.11
2013-01-03,66.7901
2013-01-04,66.65
2013-01-07,66.6201
2013-01-08,66.5
2013-01-09,66.74
2013-01-10,67.12
2013-01-11,67.22
2013-01-14,66.84
2013-01-15,66.65
2013-01-16,66.92
2013-01-17,67.33
2013-01-18,67.08
2013-01-22,67.14
2013-01-23,67.6
2013-01-24,66.68
2013-01-25,66.94
2013-01-28,67.16
2013-01-29,67.19
2013-01-30,66.97
2013-01-31,66.91
2013-02-01,67.605
2013-02-04,66.48
2013-02-05,67.41
2013-02-06,67.21
2013-02-07,67.26
2013-02-08,67.965
2013-02-11,68.0018
2013-02-12,67.72
2013-02-13,67.98
2013-02-14,67.92
2013-02-15,67.72
2013-02-19,68.249
2013-02-20,67.2301
2013-02-21,66.5
2013-02-22,67.11
2013-02-25,66.3301
2013-02-26,66.59
2013-02-27,67.2901
2013-02-28,67.25
2013-03-01,67.33
2013-03-04,67.66
2013-03-05,68.58
2013-03-06,68.48
2013-03-07,68.75
2013-03-08,68.77
2013-03-11,68.98
2013-03-12,68.69
2013-03-13,68.66
2013-03-14,68.84
2013-03-15,68.5
2013-03-18,68.36
2013-03-19,68.225
2013-03-20,68.66
2013-03-21,67.95
2013-03-22,68.46
2013-03-25,68.34
2013-03-26,68.65
2013-03-27,68.78
2013-03-28,69.03
2013-04-01,68.485
2013-04-02,68.98
2013-04-03,68.46
2013-04-04,68.45
2013-04-05,67.92
2013-04-08,68.18
2013-04-09,68.69
2013-04-10,70.0
2013-04-11,70.005
2013-04-12,69.95
2013-04-15,68.61
2013-04-16,69.54
2013-04-17,68.22
2013-04-18,67.17
2013-04-19,68.115
2013-04-22,68.82
2013-04-23,69.49
2013-04-24,69.39
2013-04-25,69.74
2013-04-26,69.61
2013-04-29,70.205
2013-04-30,70.69
2013-05-01,70.34
2013-05-02,71.3
2013-05-03,72.11
2013-05-06,72.394
2013-05-07,72.319
2013-05-08,72.71
2013-05-09,72.53
2013-05-10,73.07
2013-05-13,73.12
2013-05-14,73.51
2013-05-15,73.7
2013-05-16,73.6
2013-05-17,74.27
2013-05-20,74.12
2013-05-21,74.3
2013-05-22,73.54
2013-05-23,73.43
2013-05-24,73.359
2013-05-28,73.95
2013-05-29,73.57
2013-05-30,73.97
2013-05-31,73.37
2013-06-03,73.3599
2013-06-04,73.02
2013-06-05,72.08
2013-06-06,72.33
2013-06-07,73.44
2013-06-10,73.37
2013-06-11,72.67
2013-06-12,71.87
2013-06-13,72.799
2013-06-14,72.28
2013-06-17,72.95
2013-06-18,73.53
2013-06-19,72.77
2013-06-20,71.01
2013-06-21,70.44
2013-06-24,69.81
2013-06-25,70.2442
2013-06-26,70.93
2013-06-27,71.2
2013-06-28,71.4099
2013-07-01,71.71
2013-07-02,71.79
2013-07-03,72.08
2013-07-05,72.53
2013-07-08,72.6
2013-07-09,73.13
2013-07-10,73.49
2013-07-11,74.98
2013-07-12,75.3
2013-07-15,75.44
2013-07-16,75.37
2013-07-17,75.57
2013-07-18,75.42
2013-07-19,74.57
2013-07-22,74.8
2013-07-23,74.27
2013-07-24,74.5
2013-07-25,74.99
2013-07-26,75.31
2013-07-29,75.145
2013-07-30,75.66
2013-07-31,75.7
2013-08-01,76.57
2013-08-02,76.95
2013-08-05,76.97
2013-08-06,76.48
2013-08-07,76.45
2013-08-08,76.82
2013-08-09,76.485
2013-08-12,76.68
2013-08-13,77.09
2013-08-14,76.81
2013-08-15,75.51
2013-08-16,75.525
2013-08-19,75.3401
2013-08-20,75.715
2013-08-21,75.38
2013-08-22,76.17
2013-08-23,76.71
2013-08-26,76.71
2013-08-27,75.16
2013-08-28,75.45
2013-08-29,75.94
2013-08-30,75.49
2013-09-03,75.79
2013-09-04,76.69
2013-09-05,76.825
2013-09-06,76.93
2013-09-09,77.84
2013-09-10,78.17
2013-09-11,78.02
2013-09-12,77.93
2013-09-13,78.04
2013-09-16,77.805
2013-09-17,78.35
2013-09-18,79.32
2013-09-19,79.5
2013-09-20,78.975
2013-09-23,78.83
2013-09-24,78.7
2013-09-25,78.59
2013-09-26,79.17
2013-09-27,79.135
2013-09-30,78.76
2013-10-01,79.538
2013-10-02,79.6725
2013-10-03,78.67
2013-10-04,79.4177
2013-10-07,78.81
2013-10-08,77.33
2013-10-09,77.06
2013-10-10,78.615
2013-10-11,79.1999
2013-10-14,79.74
2013-10-15,79.49
2013-10-16,80.39
2013-10-17,80.86
2013-10-18,82.13
2013-10-21,82.25
2013-10-22,82.45
2013-10-23,81.89
2013-10-24,82.38
2013-10-25,82.82
2013-10-28,82.82
2013-10-29,83.03
2013-10-30,82.889
2013-10-31,82.83
2013-11-01,82.775
2013-11-04,82.92
2013-11-05,83.07
2013-11-06,82.97
2013-11-07,81.46
2013-11-08,82.5
2013-11-11,82.43
2013-11-12,82.535
2013-11-13,83.45
2013-11-14,83.79
2013-11-15,83.92
2013-11-18,83.06
2013-11-19,82.9
2013-11-20,82.72
2013-11-21,83.6
2013-11-22,83.99
2013-11-25,84.15
2013-11-26,84.61
2013-11-27,85.24
2013-11-29,85.66
2013-12-02,85.36
2013-12-03,85.41
2013-12-04,85.545
2013-12-05,85.37
2013-12-06,86.02
2013-12-09,86.295
2013-12-10,86.28
2013-12-11,85.2
2013-12-12,84.965
2013-12-13,84.91
2013-12-16,85.34
2013-12-17,85.215
2013-12-18,86.165
2013-12-19,85.935
2013-12-20,86.49
2013-12-23,87.355
2013-12-24,87.44
2013-12-26,87.75
2013-12-27,87.47
2013-12-30,87.39
2013-12-31,87.84
2014-01-02,87.26
2014-01-03,86.65
2014-01-06,86.4
2014-01-07,87.12
2014-01-08,87.32
2014-01-09,86.9999
2014-01-10,87.255
2014-01-13,85.95
2014-01-14,87.68
2014-01-15,88.335
2014-01-16,88.415
2014-01-17,87.92
2014-01-21,88.51
2014-01-22,88.8399
2014-01-23,88.435
2014-01-24,86.795
2014-01-27,86.0399
2014-01-28,85.8
2014-01-29,84.93
2014-01-30,86.55
2014-01-31,86.18
2014-02-03,84.21
2014-02-04,84.98
2014-02-05,84.65
2014-02-06,85.761
2014-02-07,87.31
2014-02-10,87.775
2014-02-11,88.77
2014-02-12,88.91
2014-02-13,89.64
2014-02-14,89.83
2014-02-18,90.23
2014-02-19,89.545
2014-02-20,90.15
2014-02-21,89.835
2014-02-24,90.53
2014-02-25,90.2375
2014-02-26,90.225
2014-02-27,90.39
2014-02-28,90.26
2014-03-03,89.53
2014-03-04,90.87
2014-03-05,91.09
2014-03-06,90.9
2014-03-07,90.4666
2014-03-10,90.57
2014-03-11,90.19
2014-03-12,90.54
2014-03-13,89.21
2014-03-14,88.72
2014-03-17,89.46
2014-03-18,90.59
2014-03-19,89.99
2014-03-20,90.25
2014-03-21,88.995
2014-03-24,88.26
2014-03-25,88.49
2014-03-26,87.47
2014-03-27,86.89
2014-03-28,87.04
2014-03-31,87.67
2014-04-01,89.24
2014-04-02,89.47
2014-04-03,88.78
2014-04-04,86.38
2014-04-07,85.57
2014-04-08,86.36
2014-04-09,87.85
2014-04-10,85.205
2014-04-11,84.18
2014-04-14,84.77
2014-04-15,85.09
2014-04-16,86.17
2014-04-17,86.261
2014-04-21,86.8
2014-04-22,87.52
2014-04-23,86.78
2014-04-24,87.6
2014-04-25,86.18
2014-04-28,86.49
2014-04-29,87.23
2014-04-30,87.31
2014-05-01,87.63
2014-05-02,87.54
2014-05-05,87.92
2014-05-06,86.79
2014-05-07,86.6
2014-05-08,86.4
2014-05-09,86.84
2014-05-12,88.24
2014-05-13,88.22
2014-05-14,87.82
2014-05-15,87.12
2014-05-16,87.68
2014-05-19,88.4301
2014-05-20,87.97
2014-05-21,88.83
2014-05-22,89.27
2014-05-23,89.89
2014-05-27,90.93
2014-05-28,90.77
2014-05-29,91.26
2014-05-30,91.31
2014-06-02,91.22
2014-06-03,91.17
2014-06-04,91.51
2014-06-05,92.3
2014-06-06,92.71
2014-06-09,92.7301
2014-06-10,92.86
2014-06-11,92.82
2014-06-12,92.0198
2014-06-13,92.285
2014-06-16,92.41
2014-06-17,92.465
2014-06-18,93.03
2014-06-19,92.88
2014-06-20,92.73
2014-06-23,92.78
2014-06-24,92.65
2014-06-25,93.35
2014-06-26,93.25
2014-06-27,93.72
2014-06-30,93.9
2014-07-01,95.015
2014-07-02,95.06
2014-07-03,95.5999
2014-07-07,95.33
2014-07-08,94.3
2014-07-09,94.93
2014-07-10,94.665
2014-07-11,95.2098
2014-07-14,95.82
2014-07-15,95.5
2014-07-16,95.9
2014-07-17,94.58
2014-07-18,96.0555
2014-07-21,95.97
2014-07-22,96.605
2014-07-23,97.205
2014-07-24,97.2
2014-07-25,96.645
2014-07-28,96.75
2014-07-29,96.59
2014-07-30,96.985
2014-07-31,95.05
2014-08-01,94.62
2014-08-04,95.43
2014-08-05,94.59
2014-08-06,94.59
2014-08-07,94.19
2014-08-08,94.97
2014-08-11,95.495
2014-08-12,95.405
2014-08-13,96.41
2014-08-14,96.93
2014-08-15,97.37
2014-08-18,98.165
2014-08-19,98.695
2014-08-20,98.74
2014-08-21,98.87
2014-08-22,99.05
2014-08-25,99.39
2014-08-26,99.5
2014-08-27,99.495
2014-08-28,99.4
2014-08-29,99.725
2014-09-02,100.07
2014-09-03,99.44
2014-09-04,99.336
2014-09-05,99.91
2014-09-08,100.0499
2014-09-09,99.27
2014-09-10,100.055
2014-09-11,100.01
2014-09-12,99.44
2014-09-15,98.425
2014-09-16,99.45
2014-09-17,99.53
2014-09-18,100.25
2014-09-19,99.99
2014-09-22,98.985
2014-09-23,98.81
2014-09-24,99.84
2014-09-25,97.83
2014-09-26,98.87
2014-09-29,98.68
2014-09-30,98.84
2014-10-01,97.25
2014-10-02,97.33
2014-10-03,98.31
2014-10-06,97.96
2014-10-07,96.569
2014-10-08,98.59
2014-10-09,96.92
2014-10-10,94.4972
2014-10-13,92.95
2014-10-14,92.91
2014-10-15,92.48
2014-10-16,91.87
2014-10-17,93.17
2014-10-20,94.42
2014-10-21,96.82
2014-10-22,96.375
2014-10-23,97.85
2014-10-24,98.6599
2014-10-27,98.74
2014-10-28,100.075
2014-10-29,99.73
2014-10-30,100.04
2014-10-31,101.425
2014-11-03,101.71
2014-11-04,101.395
2014-11-05,101.33
2014-11-06,101.66
2014-11-07,101.55
2014-11-10,101.93
2014-11-11,102.209
2014-11-12,102.475
2014-11-13,102.82
2014-11-14,103.1
2014-11-17,102.87
2014-11-18,103.661
2014-11-19,103.19
2014-11-20,103.62
2014-11-21,103.801
2014-11-24,104.72
2014-11-25,104.84
2014-11-26,105.56
2014-11-28,105.9
2014-12-01,104.835
2014-12-02,105.225
2014-12-03,105.43
2014-12-04,105.35
2014-12-05,105.3372
2014-12-08,104.53
2014-12-09,105.0
2014-12-10,103.22
2014-12-11,103.81
2014-12-12,102.731
2014-12-15,101.76
2014-12-16,100.03
2014-12-17,101.7999
2014-12-18,104.19
2014-12-19,104.31
2014-12-22,104.48
2014-12-23,104.315
2014-12-24,104.44
2014-12-26,105.04
2014-12-29,105.025
2014-12-30,104.34
2014-12-31,103.26
2015-01-02,103.05
2015-01-05,101.42
2015-01-06,100.15
2015-01-07,101.33
2015-01-08,103.29
2015-01-09,102.65
2015-01-12,101.595
2015-01-13,101.39
2015-01-14,100.91
2015-01-15,99.62
2015-01-16,100.92
2015-01-20,101.61
2015-01-21,102.17
2015-01-22,103.98
2015-01-23,104.17
2015-01-26,104.18
2015-01-27,101.47
2015-01-28,100.91
2015-01-29,101.78
2015-01-30,100.99
2015-02-02,101.98
2015-02-03,103.01
2015-02-04,102.73
2015-02-05,103.79
2015-02-06,103.03
2015-02-09,102.85
2015-02-10,104.4
2015-02-11,104.75
2015-02-12,106.01
2015-02-13,106.92
2015-02-17,106.91
2015-02-18,107.12
2015-02-19,107.62
2015-02-20,108.365
2015-02-23,108.5101
2015-02-24,108.64
2015-02-25,108.36
2015-02-26,108.92
2015-02-27,108.38
2015-03-02,109.365
2015-03-03,108.815
2015-03-04,108.45
2015-03-05,108.67
2015-03-06,107.25
2015-03-09,107.75
2015-03-10,105.76
2015-03-11,105.16
2015-03-12,105.905
2015-03-13,105.34
2015-03-16,106.69
2015-03-17,106.83
2015-03-18,107.91
2015-03-19,108.08
2015-03-20,108.66
2015-03-23,108.38
2015-03-24,107.95
2015-03-25,105.5001
2015-03-26,105.15
2015-03-27,105.55
2015-03-30,106.77
2015-03-31,105.78
2015-04-01,104.94
2015-04-02,105.2761
2015-04-06,106.02
2015-04-07,105.89
2015-04-08,106.55
2015-04-09,107.3
2015-04-10,107.725
2015-04-13,107.4399
2015-04-14,107.05
2015-04-15,107.81
2015-04-16,107.63
2015-04-17,105.98
2015-04-20,107.64
2015-04-21,108.11
2015-04-22,108.66
2015-04-23,109.1031
2015-04-24,110.535
2015-04-27,110.19
2015-04-28,109.96
2015-04-29,109.34
2015-04-30,107.5
2015-05-01,109.1
2015-05-04,109.22
2015-05-05,107.455
2015-05-06,106.7
2015-05-07,107.39
2015-05-08,108.73
2015-05-11,108.285
2015-05-12,107.86
2015-05-13,107.96
2015-05-14,109.66
2015-05-15,109.59
2015-05-18,110.0699
2015-05-19,109.88
2015-05-20,110.02
2015-05-21,110.53
2015-05-22,110.52
2015-05-26,109.15
2015-05-27,111.015
2015-05-28,110.735
2015-05-29,110.16
2015-06-01,110.33
2015-06-02,110.08
2015-06-03,110.28
2015-06-04,109.46
2015-06-05,109.3332
2015-06-08,108.18
2015-06-09,108.11
2015-06-10,109.58
2015-06-11,109.54
2015-06-12,108.795
2015-06-15,108.235
2015-06-16,108.74
2015-06-17,109.17
2015-06-18,110.59
2015-06-19,109.99
2015-06-22,110.6
2015-06-23,110.8
2015-06-24,110.23
2015-06-25,110.04
2015-06-26,109.28
2015-06-29,106.65
2015-06-30,107.27
2015-07-01,107.925
2015-07-02,108.08
2015-07-06,107.65
2015-07-07,107.885
2015-07-08,106.08
2015-07-09,106.19
2015-07-10,107.8
2015-07-13,109.54
2015-07-14,110.29
2015-07-15,110.25
2015-07-16,111.9099
2015-07-17,113.5
2015-07-20,113.975
2015-07-21,113.925
2015-07-22,112.59
2015-07-23,112.13
2015-07-24,111.065
2015-07-27,110.07
2015-07-28,111.0501
2015-07-29,111.705
2015-07-30,112.085
2015-07-31,111.92
2015-08-03,111.51
2015-08-04,111.38
2015-08-05,112.255
2015-08-06,110.53
2015-08-07,110.175
2015-08-10,111.47
2015-08-11,110.19
2015-08-12,110.47
2015-08-13,110.33
2015-08-14,110.59
2015-08-17,111.45
2015-08-18,110.87
2015-08-19,110.335
2015-08-20,107.2
2015-08-21,102.73
2015-08-24,99.04
2015-08-25,98.44
2015-08-26,102.93
2015-08-27,105.48
2015-08-28,105.59
2015-08-31,104.5
2015-09-01,101.39
2015-09-02,103.7
2015-09-03,103.58
2015-09-04,102.27
2015-09-08,105.08
2015-09-09,103.8
2015-09-10,104.865
2015-09-11,105.4
2015-09-14,105.21
2015-09-15,106.48
2015-09-16,107.135
2015-09-17,107.08
2015-09-18,105.3
2015-09-21,105.59
2015-09-22,104.245
2015-09-23,104.26
2015-09-24,103.97
2015-09-25,102.99
2015-09-28,100.04
2015-09-29,99.68
2015-09-30,101.81
2015-10-01,102.15
2015-10-02,103.92
2015-10-05,105.55
2015-10-06,105.0
2015-10-07,105.56
2015-10-08,106.01
2015-10-09,106.54
2015-10-12,106.7
2015-10-13,106.05
2015-10-14,105.8
2015-10-15,107.625
2015-10-16,108.12
2015-10-19,108.74
2015-10-20,108.13
2015-10-21,107.58
2015-10-22,109.68
2015-10-23,112.82
2015-10-26,112.86
2015-10-27,113.01
2015-10-28,113.96
2015-10-29,113.8
2015-10-30,113.47
2015-11-02,114.59
2015-11-03,114.95
2015-11-04,114.91
2015-11-05,114.73
2015-11-06,114.695
2015-11-09,113.61
2015-11-10,113.06
2015-11-11,113.16
2015-11-12,111.98
2015-11-13,109.7999
2015-11-16,111.4
2015-11-17,111.46
2015-11-18,113.7
2015-11-19,113.72
2015-11-20,114.4
2015-11-23,114.125
2015-11-24,114.03
2015-11-25,114.16
2015-11-27,114.33
2015-11-30,114.02
2015-12-01,115.15
2015-12-02,114.38
2015-12-03,112.52
2015-12-04,115.13
2015-12-07,114.58
2015-12-08,114.73
2015-12-09,112.82
2015-12-10,113.37
2015-12-11,110.81
2015-12-14,111.665
2015-12-15,112.34
2015-12-16,113.96
2015-12-17,112.47
2015-12-18,110.04
2015-12-21,111.02
2015-12-22,111.72
2015-12-23,112.63
2015-12-24,112.6
2015-12-28,112.45
2015-12-29,114.29
2015-12-30,113.315
2015-12-31,112.01
2016-01-04,109.3939
2016-01-05,109.23
2016-01-06,108.19
2016-01-07,105.06
2016-01-08,103.965
2016-01-11,104.55
2016-01-12,105.71
2016-01-13,102.08
2016-01-14,104.09
2016-01-15,100.79
2016-01-19,101.11
2016-01-20,100.98
2016-01-21,101.065
2016-01-22,103.76
2016-01-25,102.18
2016-01-26,103.14
2016-01-27,100.485
2016-01-28,102.005
2016-01-29,103.96
2016-02-01,104.4
2016-02-02,102.24
2016-02-03,101.54
2016-02-04,101.64
2016-02-05,97.94
2016-02-08,96.46
2016-02-09,96.295
2016-02-10,96.73
2016-02-11,96.71
2016-02-12,98.03
2016-02-16,100.105
2016-02-17,102.5
2016-02-18,101.265
2016-02-19,101.61
2016-02-22,103.225
2016-02-23,101.53
2016-02-24,102.51
2016-02-25,103.48
2016-02-26,103.44
2016-02-29,102.65
2016-03-01,105.675
2016-03-02,105.8
2016-03-03,105.59
2016-03-04,105.6609
2016-03-07,104.91
2016-03-08,104.08
2016-03-09,104.7
2016-03-10,104.57
2016-03-11,106.48
2016-03-14,106.82
2016-03-15,106.575
2016-03-16,107.495
2016-03-17,107.57
2016-03-18,107.37
2016-03-21,107.78
2016-03-22,108.02
2016-03-23,107.165
2016-03-24,107.225
2016-03-28,107.01
2016-03-29,108.85
2016-03-30,109.365
2016-03-31,109.23
2016-04-01,110.315
2016-04-04,109.81
2016-04-05,108.75
2016-04-06,110.7
2016-04-07,108.97
2016-04-08,108.93
2016-04-11,108.62
2016-04-12,109.51
2016-04-13,110.9634
2016-04-14,110.91
2016-04-15,110.63
2016-04-18,111.22
2016-04-19,110.41
2016-04-20,110.65
2016-04-21,110.63
2016-04-22,108.96
2016-04-25,108.855
2016-04-26,108.42
2016-04-27,107.5
2016-04-28,106.1999
2016-04-29,105.7101
2016-05-02,106.76
2016-05-03,105.67
2016-05-04,105.07
2016-05-05,104.98
2016-05-06,105.53
2016-05-09,105.82
2016-05-10,107.365
2016-05-11,106.35
2016-05-12,105.84
2016-05-13,105.515
2016-05-16,106.89
2016-05-17,105.4
2016-05-18,105.82
2016-05-19,105.345
2016-05-20,106.49
2016-05-23,106.24
2016-05-24,108.495
2016-05-25,109.29
2016-05-26,109.54
2016-05-27,110.07
2016-05-31,110.48
2016-06-01,110.27
2016-06-02,110.53
2016-06-03,110.03
2016-06-06,110.49
2016-06-07,110.16
2016-06-08,110.33
2016-06-09,110.205
2016-06-10,108.9
2016-06-13,107.97
2016-06-14,108.04
2016-06-15,107.61
2016-06-16,108.075
2016-06-17,106.545
2016-06-20,107.17
2016-06-21,107.52
2016-06-22,107.185
2016-06-23,108.745
2016-06-24,104.43
2016-06-27,102.305
2016-06-28,104.48
2016-06-29,106.32
2016-06-30,107.38
2016-07-01,108.165
2016-07-05,107.42
2016-07-06,108.29
2016-07-07,108.605
2016-07-08,110.28
2016-07-11,110.95
2016-07-12,111.48
2016-07-13,111.27
2016-07-14,112.0
2016-07-15,111.79
2016-07-18,112.55
2016-07-19,112.07
2016-07-20,113.48
2016-07-21,113.185
2016-07-22,113.605
2016-07-25,113.59
2016-07-26,113.81
2016-07-27,114.55
2016-07-28,114.99
2016-07-29,115.36
2016-08-01,115.78
2016-08-02,114.93
2016-08-03,115.31
2016-08-04,115.68
2016-08-05,116.76
2016-08-08,116.6
2016-08-09,116.885
2016-08-10,116.57
2016-08-11,117.15
2016-08-12,117.175
2016-08-15,117.71
2016-08-16,117.04
2016-08-17,117.23
2016-08-18,117.31
2016-08-19,117.265
2016-08-22,117.29
2016-08-23,117.64
2016-08-24,116.59
2016-08-25,116.5
2016-08-26,116.77
2016-08-29,116.96
2016-08-30,116.49
2016-08-31,116.485
2016-09-01,116.77
2016-09-02,117.13
2016-09-06,117.83
2016-09-07,117.85
2016-09-08,117.27
2016-09-09,114.3262
2016-09-12,116.35
2016-09-13,115.26
2016-09-14,115.77
2016-09-15,117.67
2016-09-16,117.275
2016-09-19,116.81
2016-09-20,117.11
2016-09-21,118.25
2016-09-22,119.14
2016-09-23,118.38
2016-09-26,117.32
2016-09-27,118.53
2016-09-28,118.75
2016-09-29,117.84
2016-09-30,118.8
2016-10-03,118.61
2016-10-04,118.335
2016-10-05,118.85
2016-10-06,118.76
2016-10-07,118.58
2016-10-10,119.22
2016-10-11,117.455
2016-10-12,117.45
2016-10-13,116.88
2016-10-14,117.215
2016-10-17,116.805
2016-10-18,117.95
2016-10-19,117.815
2016-10-20,117.785
2016-10-21,118.17
2016-10-24,119.63
2016-10-25,119.1476
2016-10-26,118.355
2016-10-27,117.75
2016-10-28,117.05
2016-10-31,117.08
2016-11-01,116.05
2016-11-02,115.2499
2016-11-03,114.069
2016-11-04,113.68
2016-11-07,116.43
2016-11-08,117.14
2016-11-09,117.58
2016-11-10,115.79
2016-11-11,115.88
2016-11-14,114.64
2016-11-15,116.285
2016-11-16,116.93
2016-11-17,117.76
2016-11-18,117.29
2016-11-21,118.6
2016-11-22,119.02
2016-11-23,118.39
2016-11-25,118.785
2016-11-28,118.56
2016-11-29,118.93
2016-11-30,117.57
2016-12-01,115.51
2016-12-02,115.7
2016-12-05,116.67
2016-12-06,116.88
2016-12-07,118.33
2016-12-08,118.5301
2016-12-09,119.43
2016-12-12,118.91
2016-12-13,120.41
2016-12-14,120.08
2016-12-15,120.42
2016-12-16,119.56
2016-12-19,120.08
2016-12-20,120.56
2016-12-21,120.46
2016-12-22,119.965
2016-12-23,120.22
2016-12-27,120.83
2016-12-28,119.86
2016-12-29,119.7
2016-12-30,118.43
2017-01-03,119.46
2017-01-04,120.2
2017-01-05,120.9262
2017-01-06,121.925
2017-01-09,122.375
2017-01-10,122.62
2017-01-11,122.895
2017-01-12,122.78
2017-01-13,123.13
2017-01-17,122.76
2017-01-18,123.09
2017-01-19,123.04
2017-01-20,123.2
2017-01-23,123.35
2017-01-24,124.22
2017-01-25,125.44
2017-01-26,125.58
2017-01-27,125.78
2017-01-30,124.855
2017-01-31,124.53
2017-02-01,125.48
2017-02-02,125.32
2017-02-03,125.62
2017-02-06,125.795
2017-02-07,126.24
2017-02-08,126.57
2017-02-09,127.035
2017-02-10,127.3701
2017-02-13,128.09
2017-02-14,128.48
2017-02-15,129.27
2017-02-16,129.245
2017-02-17,129.735
2017-02-21,130.45
2017-02-22,130.48
2017-02-23,129.9
2017-02-24,130.17
2017-02-27,130.39
2017-02-28,129.98
2017-03-01,131.51
2017-03-02,130.75
2017-03-03,131.025
2017-03-06,130.79
2017-03-07,130.465
2017-03-08,130.7
2017-03-09,130.8258
2017-03-10,131.335
2017-03-13,131.545
2017-03-14,131.28
2017-03-15,132.24
2017-03-16,132.0
2017-03-17,131.67
2017-03-20,131.785
2017-03-21,129.73
2017-03-22,130.745
2017-03-23,130.4
2017-03-24,130.57
2017-03-27,130.84
2017-03-28,131.82
2017-03-29,132.24
2017-03-30,132.51
2017-03-31,132.495
2017-04-03,132.295
2017-04-04,132.49
2017-04-05,132.02
2017-04-06,132.005
2017-04-07,131.99
2017-04-10,132.02
2017-04-11,131.32
2017-04-12,130.95
2017-04-13,130.45
2017-04-17,131.45
2017-04-18,131.38
2017-04-19,131.5
2017-04-20,132.69
2017-04-21,132.55
2017-04-24,134.12
2017-04-25,135.165
2017-04-26,134.94
2017-04-27,135.71
2017-04-28,136.025
2017-05-01,137.205
2017-05-02,137.36
2017-05-03,136.96
2017-05-04,137.0446
2017-05-05,137.48
2017-05-08,137.8
2017-05-09,138.28
2017-05-10,138.35
2017-05-11,138.26
2017-05-12,138.545
2017-05-15,139.02
2017-05-16,139.535
2017-05-17,136.13
2017-05-18,137.27
2017-05-19,137.86
2017-05-22,139.01
2017-05-23,139.08
2017-05-24,139.79
2017-05-25,140.975
2017-05-26,141.16
2017-05-30,141.34
2017-05-31,141.24
2017-06-01,141.8
2017-06-02,143.4
2017-06-05,143.4
2017-06-06,142.935
2017-06-07,143.345
2017-06-08,143.57
2017-06-09,139.8401
2017-06-12,139.21
2017-06-13,140.209
2017-06-14,139.6
2017-06-15,139.12
2017-06-16,138.19
2017-06-19,140.41
2017-06-20,139.39
2017-06-21,140.775
2017-06-22,140.68
2017-06-23,141.26
2017-06-26,140.63
2017-06-27,138.15
2017-06-28,139.985
2017-06-29,137.64
2017-06-30,137.585
2017-07-03,136.23
2017-07-05,137.625
2017-07-06,136.3
2017-07-07,137.755
2017-07-10,138.75
2017-07-11,139.055
2017-07-12,140.71
2017-07-13,141.0
2017-07-14,142.13
2017-07-17,142.12
2017-07-18,143.07
2017-07-19,143.98
2017-07-20,144.13
2017-07-21,144.03
2017-07-24,144.68
2017-07-25,144.375
2017-07-26,144.78
2017-07-27,143.97
2017-07-28,143.83
2017-07-31,143.14
2017-08-01,143.46
2017-08-02,144.02
2017-08-03,143.39
2017-08-04,143.62
2017-08-07,144.5
2017-08-08,144.26
2017-08-09,144.109
2017-08-10,141.02
2017-08-11,142.03
2017-08-14,143.96
2017-08-15,144.0
2017-08-16,144.15
2017-08-17,141.35
2017-08-18,141.18
2017-08-21,141.15
2017-08-22,143.205
2017-08-23,142.73
2017-08-24,142.28
2017-08-25,141.96
2017-08-28,142.361
2017-08-29,142.935
2017-08-30,144.65
2017-08-31,145.91
2017-09-01,146.03
2017-09-05,144.721
2017-09-06,145.1
2017-09-07,145.46
2017-09-08,144.25
2017-09-11,145.82
2017-09-12,146.13
2017-09-13,146.41
2017-09-14,145.55
2017-09-15,145.975
2017-09-18,145.5399
2017-09-19,145.745
2017-09-20,145.37
2017-09-21,144.425
2017-09-22,144.39
2017-09-25,142.72
2017-09-26,143.17
2017-09-27,144.57
2017-09-28,144.36
2017-09-29,145.4831
2017-10-02,145.52
2017-10-03,145.87
2017-10-04,146.0299
2017-10-05,147.425
2017-10-06,147.63
2017-10-09,147.46
2017-10-10,147.565
2017-10-11,148.05
2017-10-12,147.74
2017-10-13,148.27
2017-10-16,148.86
2017-10-17,149.0385
2017-10-18,148.865
2017-10-19,148.2799
2017-10-20,148.585
2017-10-23,147.66
2017-10-24,147.9201
2017-10-25,147.38
2017-10-26,147.08
2017-10-27,151.26
2017-10-30,151.68
2017-10-31,152.1
2017-11-01,152.0577
2017-11-02,151.895
2017-11-03,153.22
2017-11-06,153.8025
2017-11-07,153.82
2017-11-08,154.49
2017-11-09,153.735
2017-11-10,153.645
2017-11-13,153.805
2017-11-14,153.31
2017-11-15,152.28
2017-11-16,154.57
2017-11-17,153.935
2017-11-20,153.79
2017-11-21,155.43
2017-11-22,155.7064
2017-11-24,156.26
2017-11-27,156.25
2017-11-28,156.53
2017-11-29,153.96
2017-11-30,155.34
2017-12-01,154.53
2017-12-04,152.85
2017-12-05,152.86
2017-12-06,153.48
2017-12-07,154.04
2017-12-08,154.6
2017-12-11,155.865
2017-12-12,155.61
2017-12-13,155.9001
2017-12-14,155.96
2017-12-15,157.505
2017-12-18,158.5769
2017-12-19,157.74
2017-12-20,157.545
2017-12-21,157.54
2017-12-22,157.3
2017-12-26,156.5
2017-12-27,156.5555
2017-12-28,156.735
2017-12-29,155.8
2018-01-02,158.455
2018-01-03,159.985
2018-01-04,160.34
2018-01-05,161.905
2018-01-08,162.54
2018-01-09,162.57
2018-01-10,162.17
2018-01-11,163.26
2018-01-12,164.39
2018-01-16,164.04
2018-01-17,165.74
2018-01-18,165.805
2018-01-19,166.245
2018-01-22,168.0
2018-01-23,169.57
2018-01-24,168.485
2018-01-25,168.385
2018-01-26,170.74
2018-01-29,170.26
2018-01-30,168.83
2018-01-31,169.14
2018-02-01,168.08
2018-02-02,164.53
2018-02-05,158.91
2018-02-06,161.8
2018-02-07,160.5
2018-02-08,154.07
2018-02-09,155.86
2018-02-12,158.82
2018-02-13,159.72
2018-02-14,162.67
2018-02-15,165.46
2018-02-16,165.19
2018-02-20,165.31
2018-02-21,164.83
2018-02-22,164.9
2018-02-23,168.01
2018-02-26,170.16
2018-02-27,168.42
2018-02-28,167.33
2018-03-01,164.5
2018-03-02,166.07
2018-03-05,167.86
2018-03-06,168.37
2018-03-07,168.87
2018-03-08,169.6
2018-03-09,172.99
2018-03-12,174.13
2018-03-13,171.765
2018-03-14,171.565
2018-03-15,171.535
2018-03-16,171.22
2018-03-19,167.18
2018-03-20,167.675
2018-03-21,166.95
2018-03-22,162.74
2018-03-23,158.71
2018-03-26,164.455
2018-03-27,158.88
2018-03-28,157.43
2018-03-29,160.41
2018-04-02,155.59
2018-04-03,157.125
2018-04-04,160.11
2018-04-05,160.83
2018-04-06,156.75
2018-04-09,157.56
2018-04-10,161.0
2018-04-11,160.24
2018-04-12,162.1599
2018-04-13,161.435
2018-04-16,162.635
2018-04-17,166.02
2018-04-18,166.42
2018-04-19,164.93
2018-04-20,162.27
2018-04-23,161.89
2018-04-24,158.32
2018-04-25,158.55
2018-04-26,162.025
2018-04-27,162.28
2018-04-30,161.0275
2018-05-01,162.73
2018-05-02,161.84
2018-05-03,161.6
2018-05-04,164.65
2018-05-07,166.14
2018-05-08,165.81
2018-05-09,167.81
2018-05-10,169.545
2018-05-11,169.33
2018-05-14,169.67
2018-05-15,167.8699
2018-05-16,168.875
2018-05-17,168.38
2018-05-18,167.56
2018-05-21,168.41
2018-05-22,168.22
2018-05-23,169.54
2018-05-24,169.42
2018-05-25,169.74
2018-05-29,169.01
2018-05-30,170.26
2018-05-31,170.045
2018-06-01,172.645
2018-06-04,174.2201
2018-06-05,174.79
2018-06-06,175.8
2018-06-07,174.43
2018-06-08,174.47
2018-06-11,174.931
2018-06-12,175.86
2018-06-13,175.73
2018-06-14,177.58
2018-06-15,176.98
2018-06-18,176.52
2018-06-19,175.98
2018-06-20,177.28
2018-06-21,175.67
2018-06-22,175.2
2018-06-25,171.45
2018-06-26,172.01
2018-06-27,169.81
2018-06-28,171.2
2018-06-29,171.62
2018-07-02,172.74
2018-07-03,170.86
2018-07-05,172.975
2018-07-06,175.56
2018-07-09,177.12
2018-07-10,177.3385
2018-07-11,176.449
2018-07-12,179.39
2018-07-13,179.63
2018-07-16,179.09
2018-07-17,180.3225
2018-07-18,180.02
2018-07-19,178.92
2018-07-20,178.98
2018-07-23,179.4509
2018-07-24,180.29
2018-07-25,182.7
2018-07-26,180.25
2018-07-27,177.5685
2018-07-30,175.15
2018-07-31,176.27
2018-08-01,177.07
2018-08-02,179.61
2018-08-03,179.98
2018-08-06,181.1306
2018-08-07,181.725
2018-08-08,182.0408
2018-08-09,181.855
2018-08-10,180.5793
2018-08-13,180.34
2018-08-14,181.4839
2018-08-15,179.2508
2018-08-16,179.63
2018-08-17,179.9301
2018-08-20,179.67
2018-08-21,180.45
2018-08-22,181.09
2018-08-23,180.75
2018-08-24,182.49
2018-08-27,184.24
2018-08-28,184.47
2018-08-29,186.73
2018-08-30,186.3199
2018-08-31,186.69
2018-09-04,185.86
2018-09-05,183.456
2018-09-06,181.8301
2018-09-07,181.315
2018-09-10,181.69
2018-09-11,183.14
2018-09-12,182.61
2018-09-13,184.41
2018-09-14,184.0506
2018-09-17,181.24
2018-09-18,182.92
2018-09-19,182.785
2018-09-20,184.6401
2018-09-21,183.5701
2018-09-24,183.8684
2018-09-25,184.07
2018-09-26,184.0806
2018-09-27,186.0601
2018-09-28,185.66
2018-10-01,186.165
2018-10-02,185.72
2018-10-03,185.91
2018-10-04,182.345
2018-10-05,180.12
2018-10-08,179.1785
2018-10-09,179.56
2018-10-10,171.76
2018-10-11,169.93
2018-10-12,174.66
2018-10-15,172.53
2018-10-16,177.2999
2018-10-17,177.2203
2018-10-18,173.08
2018-10-19,173.1099
2018-10-22,174.13
2018-10-23,173.09
2018-10-24,165.13
2018-10-25,171.27
2018-10-26,166.12
2018-10-29,163.4
2018-10-30,165.935
2018-10-31,169.92
2018-11-01,172.021
2018-11-02,169.42
2018-11-05,168.95
2018-11-06,170.235
2018-11-07,175.4545
2018-11-08,174.3599
2018-11-09,171.73
2018-11-12,166.3792
2018-11-13,166.49
2018-11-14,165.12
2018-11-15,167.68
2018-11-16,167.605
2018-11-19,161.9
2018-11-20,159.2
2018-11-21,160.715
2018-11-23,159.28
2018-11-26,162.92
2018-11-27,163.38
2018-11-28,168.6201
2018-11-29,168.15
2018-11-30,169.21
2018-12-03,172.07
2018-12-04,165.79
2018-12-06,166.555
2018-12-07,161.42
2018-12-10,163.245
2018-12-11,163.65
2018-12-12,165.25
2018-12-13,165.12
2018-12-14,161.06
2018-12-17,157.335
2018-12-18,158.57
2018-12-19,155.17
2018-12-20,152.28
2018-12-21,147.72
2018-12-24,144.0599
2018-12-26,152.29
2018-12-27,152.58
2018-12-28,152.885
2018-12-31,153.23
2019-01-02,154.6799
2019-01-03,149.91
2019-01-04,156.3114
2019-01-07,158.13
2019-01-08,159.52
2019-01-09,160.7
2019-01-10,161.17
2019-01-11,160.6992
2019-01-14,159.41
2019-01-15,162.3
2019-01-16,162.345
2019-01-17,163.52
2019-01-18,165.02
2019-01-22,161.4516
2019-01-23,161.97
2019-01-24,163.25
2019-01-25,165.1
2019-01-28,163.01
2019-01-29,161.47
2019-01-30,165.74
2019-01-31,168.29
2019-02-01,167.4
2019-02-04,169.325
2019-02-05,170.97
2019-02-06,170.475
2019-02-07,168.03
2019-02-08,168.24
2019-02-11,168.39
2019-02-12,170.915
2019-02-13,170.95
2019-02-14,171.28
2019-02-15,171.89
2019-02-19,172.19
2019-02-20,172.125
2019-02-21,171.49
2019-02-22,172.85
2019-02-25,173.52
2019-02-26,173.76
2019-02-27,173.5525
2019-02-28,173.09
2019-03-01,174.415
2019-03-04,174.29
2019-03-05,174.78
2019-03-06,173.58
2019-03-07,171.44
2019-03-08,171.15
2019-03-11,174.78
2019-03-12,175.58
2019-03-13,176.95
2019-03-14,176.72
2019-03-15,178.25
2019-03-18,178.345
2019-03-19,178.82
2019-03-20,179.955
2019-03-21,182.52
2019-03-22,178.5
2019-03-25,178.3479
2019-03-26,178.95
2019-03-27,177.85
2019-03-28,178.4
2019-03-29,179.72
2019-04-01,182.17
2019-04-02,182.805
2019-04-03,183.84
2019-04-04,183.695
2019-04-05,184.6
2019-04-08,185.12
2019-04-09,184.26
2019-04-10,185.37
2019-04-11,185.04
2019-04-12,185.8
2019-04-15,185.835
2019-04-16,186.435
2019-04-17,187.09
2019-04-18,187.38
2019-04-22,187.89
2019-04-23,190.26
2019-04-24,189.75
2019-04-25,190.5
2019-04-26,190.54
2019-04-29,191.005
2019-04-30,189.575
2019-05-01,188.9
2019-05-02,188.01
2019-05-03,191.17
2019-05-06,189.86
2019-05-07,186.03
2019-05-08,185.78
2019-05-09,184.755
2019-05-10,184.77
2019-05-13,178.61
2019-05-14,180.59
2019-05-15,183.0
2019-05-16,184.89
2019-05-17,183.1
2019-05-20,180.09
2019-05-21,181.81
2019-05-22,181.11
2019-05-23,178.24
2019-05-24,178.03
2019-05-28,177.78
2019-05-29,176.175
2019-05-30,176.68
2019-05-31,174.07
2019-06-03,170.3401
2019-06-04,174.94
2019-06-05,176.255
2019-06-06,177.48
2019-06-07,181.095
2019-06-10,183.15
2019-06-11,183.385
2019-06-12,182.23
2019-06-13,183.18
2019-06-14,182.61
2019-06-17,183.6
2019-06-18,186.39
2019-06-19,187.2301
2019-06-20,188.9901
2019-06-21,188.705
2019-06-24,188.13
2019-06-25,184.98
2019-06-26,185.79
2019-06-27,186.67
2019-06-28,186.74
2019-07-01,189.13
2019-07-02,189.875
2019-07-03,191.32
2019-07-05,190.83
2019-07-08,189.65
2019-07-09,190.79
2019-07-10,192.49
2019-07-11,192.36
2019-07-12,193.47
2019-07-15,193.96
2019-07-16,193.1
2019-07-17,192.32
2019-07-18,192.45
2019-07-19,190.935
2019-07-22,192.63
2019-07-23,193.685
2019-07-24,195.05
2019-07-25,193.05
2019-07-26,195.43
2019-07-29,194.645
2019-07-30,193.595
2019-07-31,191.36
2019-08-01,190.19
2019-08-02,187.28
2019-08-05,180.84
2019-08-06,183.4
2019-08-07,184.46
2019-08-08,188.1099
2019-08-09,186.38
2019-08-12,184.42
2019-08-13,188.32
2019-08-14,182.83
2019-08-15,182.72
2019-08-16,185.6
2019-08-19,188.37
2019-08-20,187.14
2019-08-21,188.64
2019-08-22,188.16
2019-08-23,181.94
2019-08-26,184.5347
2019-08-27,184.54
2019-08-28,185.05
2019-08-29,187.85
2019-08-30,187.52
2019-09-03,185.665
2019-09-04,188.315
2019-09-05,191.785
2019-09-06,191.61
2019-09-09,191.11
2019-09-10,190.41
2019-09-11,192.23
2019-09-12,193.25
2019-09-13,192.58
2019-09-16,191.6265
2019-09-17,192.57
2019-09-18,192.51
2019-09-19,192.82
2019-09-20,191.08
2019-09-23,190.455
2019-09-24,187.7845
2019-09-25,190.14
2019-09-26,189.26
2019-09-27,187.14
2019-09-30,188.77
2019-10-01,187.25
2019-10-02,183.9801
2019-10-03,186.08
2019-10-04,188.97
2019-10-07,188.435
2019-10-08,185.52
2019-10-09,187.44
2019-10-10,188.64
2019-10-11,191.26
2019-10-14,191.17
2019-10-15,193.58
2019-10-16,193.02
2019-10-17,193.53
2019-10-18,191.9
2019-10-21,193.365
2019-10-22,191.95
2019-10-23,192.15
2019-10-24,194.08
2019-10-25,195.65
2019-10-28,197.6125
2019-10-29,196.05
2019-10-30,196.89
2019-10-31,196.84
2019-11-01,198.63
2019-11-04,200.055
2019-11-05,200.07
2019-11-06,199.6499
2019-11-07,200.26
2019-11-08,201.085
2019-11-11,200.885
2019-11-12,201.51
2019-11-13,201.395
2019-11-14,201.42
2019-11-15,202.62
2019-11-18,202.985
2019-11-19,203.385
2019-11-20,201.94
2019-11-21,201.64
2019-11-22,201.76
2019-11-25,204.16
2019-11-26,204.675
2019-11-27,206.0
2019-11-29,205.05
2019-12-02,202.76
2019-12-03,201.48
2019-12-04,202.47
2019-12-05,202.7381
2019-12-06,204.96
2019-12-09,204.09
2019-12-10,203.7926
2019-12-11,205.105
2019-12-12,206.6
2019-12-13,207.25
2019-12-16,209.1701
2019-12-17,209.3
2019-12-18,209.57
2019-12-19,210.809
2019-12-20,211.865
2019-12-23,211.69
2019-12-24,211.81
2019-12-26,213.62
2019-12-27,213.57
2019-12-30,211.945
2019-12-31,212.57
2020-01-02,216.0
2020-01-03,214.33
2020-01-06,215.547
2020-01-07,215.495
2020-01-08,217.06
2020-01-09,218.94
2020-01-10,218.48
2020-01-13,220.95
2020-01-14,220.0
2020-01-15,220.075
2020-01-16,222.251
2020-01-17,223.35
2020-01-21,223.31
2020-01-22,223.87
2020-01-23,224.51
2020-01-24,222.64
2020-01-27,218.08
2020-01-28,221.49
2020-01-29,221.76
2020-01-30,222.61
2020-01-31,219.2999
2020-02-03,222.31
2020-02-04,227.295
2020-02-05,228.15
2020-02-06,230.16
2020-02-07,229.18
2020-02-10,231.86
2020-02-11,231.795
2020-02-12,234.24
2020-02-13,233.84
2020-02-14,234.5501
2020-02-18,234.66
2020-02-19,237.07
2020-02-20,234.86
2020-02-21,230.235
2020-02-24,221.64
2020-02-25,215.56
2020-02-26,216.51
2020-02-27,206.26
2020-02-28,205.38
2020-03-02,216.28
2020-03-03,209.58
2020-03-04,218.2311
2020-03-05,211.75
2020-03-06,208.57
2020-03-09,194.3
2020-03-10,203.66
2020-03-11,195.97
2020-03-12,178.01
2020-03-13,192.64
2020-03-16,170.65
2020-03-17,180.95
2020-03-18,173.5
2020-03-19,177.67
2020-03-20,170.78
2020-03-23,171.43
2020-03-24,183.71
2020-03-25,181.81
2020-03-26,191.68
2020-03-27,184.73
2020-03-30,191.85
2020-03-31,190.22
2020-04-01,182.465
2020-04-02,186.05
2020-04-03,183.43
2020-04-06,197.1
2020-04-07,196.31
2020-04-08,200.34
2020-04-09,200.77
2020-04-13,203.16
2020-04-14,211.65
2020-04-15,209.4
2020-04-16,213.77
2020-04-17,215.0
2020-04-20,212.915
2020-04-21,205.3
2020-04-22,211.16
2020-04-23,210.65
2020-04-24,213.9395
2020-04-27,215.38
2020-04-28,211.643
2020-04-29,218.65
2020-04-30,219.42
2020-05-01,212.36
2020-05-04,215.26
2020-05-05,217.69
2020-05-06,219.09
2020-05-07,221.66
2020-05-08,224.68
2020-05-11,227.06
2020-05-12,222.55
2020-05-13,219.6
2020-05-14,221.34
2020-05-15,223.22
2020-05-18,227.56
2020-05-19,227.01
2020-05-20,231.37
2020-05-21,228.775
2020-05-22,229.58
2020-05-26,229.0
2020-05-27,230.35
2020-05-28,229.83
2020-05-29,233.37
2020-06-01,234.26
2020-06-02,235.5
2020-06-03,236.61
2020-06-04,234.83
2020-06-05,239.44
2020-06-08,241.495
2020-06-09,243.36
2020-06-10,246.48
2020-06-11,234.38
2020-06-12,236.28
2020-06-15,238.21
2020-06-16,242.31
2020-06-17,243.84
2020-06-18,244.235
2020-06-19,244.54
2020-06-22,246.765
2020-06-23,248.8998
2020-06-24,243.7
2020-06-25,246.06
2020-06-26,240.13
2020-06-29,242.44
2020-06-30,247.4801
2020-07-01,250.46
2020-07-02,251.88
2020-07-06,258.3
2020-07-07,256.59
2020-07-08,259.91
2020-07-09,262.06
2020-07-10,264.19
2020-07-13,258.55
2020-07-14,260.745
2020-07-15,260.7199
2020-07-16,258.78
2020-07-17,259.38
2020-07-20,267.185
2020-07-21,263.79
2020-07-22,264.91
2020-07-23,257.63
2020-07-24,255.43
2020-07-27,260.09
2020-07-28,256.73
2020-07-29,259.65
2020-07-30,261.1799
2020-07-31,265.3501
2020-08-03,269.52
2020-08-04,270.105
2020-08-05,271.15
2020-08-06,274.355
2020-08-07,271.41
2020-08-10,270.18
2020-08-11,265.085
2020-08-12,271.94
2020-08-13,272.46
2020-08-14,272.11
2020-08-17,275.185
2020-08-18,277.87
2020-08-19,276.13
2020-08-20,280.09
2020-08-21,281.91
2020-08-24,283.185
2020-08-25,285.87
2020-08-26,292.03
2020-08-27,291.07
2020-08-28,292.52
2020-08-31,296.09
2020-09-01,299.725
2020-09-02,303.16
2020-09-03,287.38
2020-09-04,283.755
2020-09-08,270.08
2020-09-09,278.22
2020-09-10,272.51
2020-09-11,270.71
2020-09-14,275.23
2020-09-15,279.12
2020-09-16,274.53
2020-09-17,269.96
2020-09-18,266.83
2020-09-21,267.39
2020-09-22,272.59
2020-09-23,263.66
2020-09-24,265.46
2020-09-25,271.87
2020-09-28,276.73
2020-09-29,276.085
2020-09-30,278.885
2020-10-01,282.26
2020-10-02,274.49
2020-10-05,280.4
2020-10-06,275.4
2020-10-07,280.36
2020-10-08,281.4
2020-10-09,285.625
2020-10-12,294.75
2020-10-13,294.77
2020-10-14,292.37
2020-10-15,289.92
2020-10-16,288.86
2020-10-19,283.615
2020-10-20,284.81
2020-10-21,284.4
2020-10-22,284.06
2020-10-23,284.745
2020-10-26,280.38
2020-10-27,282.78
2020-10-28,271.82
2020-10-29,277.54
2020-10-30,268.87
2020-11-02,269.4871
2020-11-03,274.98
2020-11-04,286.86
2020-11-05,294.54
2020-11-06,294.77
2020-11-09,289.19
2020-11-10,283.65
2020-11-11,289.825
2020-11-12,288.29
2020-11-13,291.31
2020-11-16,292.61
2020-11-17,292.1
2020-11-18,290.57
2020-11-19,292.255
2020-11-20,290.685
2020-11-23,290.27
2020-11-24,294.48
2020-11-25,296.392
2020-11-27,298.825
2020-11-30,298.65
2020-12-01,303.67
2020-12-02,303.7516
2020-12-03,303.815
2020-12-04,305.54
2020-12-07,307.15
2020-12-08,308.23
2020-12-09,302.1043
2020-12-10,302.66
2020-12-11,301.6
2020-12-14,304.515
2020-12-15,307.145
2020-12-16,309.015
2020-12-17,310.98
2020-12-18,309.96
2020-12-21,308.75
2020-12-22,309.65
2020-12-23,308.68
2020-12-24,309.53
2020-12-28,312.73
2020-12-29,312.63
2020-12-30,312.945
2020-12-31,313.89
2021-01-04,309.14
2021-01-05,311.8
2021-01-06,307.495
2021-01-07,315.365
2021-01-08,319.15
2021-01-11,314.22
2021-01-12,314.44
2021-01-13,316.13
2021-01-14,314.23
2021-01-15,311.89
2021-01-19,316.47
2021-01-20,323.98
2021-01-21,326.49
2021-01-22,325.9118
2021-01-25,328.41
2021-01-26,328.42
2021-01-27,319.595
2021-01-28,321.61
2021-01-29,315.13
2021-02-01,322.945
2021-02-02,327.67
2021-02-03,326.72
2021-02-04,329.835
2021-02-05,331.49
2021-02-08,333.295
2021-02-09,333.335
2021-02-10,332.51
2021-02-11,334.48
2021-02-12,336.48
2021-02-16,335.68
2021-02-17,333.84
2021-02-18,332.435
2021-02-19,330.879
2021-02-22,322.56
2021-02-23,321.94
2021-02-24,324.1
2021-02-25,313.12
2021-02-26,315.7
2021-03-01,323.24
2021-03-02,318.42
2021-03-03,309.419
2021-03-04,303.97
2021-03-05,308.92
2021-03-08,300.34
2021-03-09,311.83
2021-03-10,311.08
2021-03-11,318.07
2021-03-12,315.48
2021-03-15,318.79
2021-03-16,320.78
2021-03-17,321.68
2021-03-18,312.2071
2021-03-19,313.72
2021-03-22,318.68
2021-03-23,316.86
2021-03-24,311.89
2021-03-25,311.47
2021-03-26,315.515
2021-03-29,315.65
2021-03-30,313.38
2021-03-31,319.2901
2021-04-01,324.6
2021-04-05,331.03
2021-04-06,330.51
2021-04-07,331.6
2021-04-08,334.78
2021-04-09,337.1
2021-04-12,336.59
2021-04-13,340.59
2021-04-14,336.05
2021-04-15,341.409
2021-04-16,342.08
2021-04-19,338.555
2021-04-20,336.46
2021-04-21,339.29
2021-04-22,335.06
2021-04-23,339.61
2021-04-26,341.45
2021-04-27,340.32
2021-04-28,338.57
2021-04-29,340.045
2021-04-30,337.39
2021-05-03,335.91
2021-05-04,329.82
2021-05-05,328.81
2021-05-06,331.3
2021-05-07,334.3
2021-05-10,325.64
2021-05-11,325.52
2021-05-12,317.12
2021-05-13,319.48
2021-05-14,326.5
2021-05-17,324.31
2021-05-18,322.48
2021-05-19,322.5782
2021-05-20,328.77
2021-05-21,326.69
2021-05-24,332.46
2021-05-25,332.79
2021-05-26,333.79
2021-05-27,333.3282
2021-05-28,333.68
2021-06-01,332.74
2021-06-02,333.295
2021-06-03,329.965
2021-06-04,335.6401
2021-06-07,336.6
2021-06-08,336.79
2021-06-09,336.88
2021-06-10,340.375
2021-06-11,341.13
2021-06-14,344.13
2021-06-15,341.935
2021-06-16,340.9418
2021-06-17,345.68
2021-06-18,343.07
2021-06-21,344.42
2021-06-22,347.415
2021-06-23,347.655
2021-06-24,349.825
2021-06-25,349.471
2021-06-28,353.705
2021-06-29,354.935
2021-06-30,354.62
2021-07-01,354.5001
2021-07-02,358.605
2021-07-06,360.21
2021-07-07,360.66
2021-07-08,358.3682
2021-07-09,361.05
2021-07-12,362.3
2021-07-13,362.0
2021-07-14,362.75
2021-07-15,360.3
2021-07-16,357.555
2021-07-19,354.18
2021-07-20,358.935
2021-07-21,361.22
2021-07-22,363.91
2021-07-23,368.1001
2021-07-26,368.45
2021-07-27,364.265
2021-07-28,366.045
2021-07-29,366.59
2021-07-30,364.3201
2021-08-02,364.45
2021-08-03,366.76
2021-08-04,367.61
2021-08-05,369.72
2021-08-06,368.05
2021-08-09,368.805
2021-08-10,366.6321
2021-08-11,366.195
2021-08-12,367.7
2021-08-13,368.6712
2021-08-16,368.78
2021-08-17,365.62
2021-08-18,362.21
2021-08-19,363.75
2021-08-20,367.915
2021-08-23,373.1
2021-08-24,374.345
2021-08-25,374.6501
2021-08-26,372.45
2021-08-27,376.1
2021-08-30,380.295
2021-08-31,379.97
2021-09-01,380.42
2021-09-02,380.39
2021-09-03,381.6
2021-09-07,382.1
2021-09-08,380.66
2021-09-09,379.3
2021-09-10,376.445
2021-09-13,376.16
2021-09-14,375.12
2021-09-15,377.815
2021-09-16,378.18
2021-09-17,374.06
2021-09-20,365.675
2021-09-21,366.5
2021-09-22,369.36
2021-09-23,372.94
2021-09-24,373.43
2021-09-27,370.29
2021-09-28,359.88
2021-09-29,358.99
2021-09-30,358.57
2021-10-01,359.99
2021-10-04,352.58
2021-10-05,357.47
2021-10-06,359.84
2021-10-07,362.58
2021-10-08,361.13
2021-10-11,358.58
2021-10-12,357.58
2021-10-13,359.68
2021-10-14,366.4
2021-10-15,368.99
2021-10-18,372.74
2021-10-19,375.24
2021-10-20,374.62
2021-10-21,377.4599
2021-10-22,374.18
2021-10-25,377.63
2021-10-26,379.07
2021-10-27,379.98
2021-10-28,384.155
2021-10-29,386.1901
2021-11-01,387.22
2021-11-02,389.05
2021-11-03,393.39
2021-11-04,397.85
2021-11-05,398.651
2021-11-08,398.135
2021-11-09,395.31
2021-11-10,389.91
2021-11-11,390.6
2021-11-12,394.71
2021-11-15,394.39
2021-11-16,397.3481
2021-11-17,397.525
2021-11-18,401.78
2021-11-19,403.99
2021-11-22,399.66
2021-11-23,397.45
2021-11-24,398.985
2021-11-26,391.66
2021-11-29,399.82
2021-11-30,394.0778
2021-12-01,387.5571
2021-12-02,389.02
2021-12-03,383.12
2021-12-06,386.23
2021-12-07,397.37
2021-12-08,399.56
2021-12-09,394.07
2021-12-10,398.0
2021-12-13,392.54
2021-12-14,387.85
2021-12-15,396.82
2021-12-16,387.06
2021-12-17,385.71
2021-12-20,380.8699
2021-12-21,389.1414
2021-12-22,393.815
2021-12-23,397.44
2021-12-27,403.33
2021-12-28,401.23
2021-12-29,401.81
2021-12-30,399.98
2021-12-31,397.54
2022-01-03,401.48
2022-01-04,396.88
2022-01-05,384.64
2022-01-06,384.11
2022-01-07,380.1499
2022-01-10,380.27
2022-01-11,385.63
2022-01-12,387.28
2022-01-13,377.27
2022-01-14,380.25
2022-01-18,370.4
2022-01-19,366.525
2022-01-20,361.385
2022-01-21,353.04
2022-01-24,353.51
2022-01-25,344.98
2022-01-26,345.0
2022-01-27,341.36
2022-01-28,351.61
2022-01-31,363.34
2022-02-01,365.94
2022-02-02,368.53
2022-02-03,353.76
2022-02-04,358.375
2022-02-07,354.66
2022-02-08,359.24
2022-02-09,366.3
2022-02-10,358.85
2022-02-11,347.82
2022-02-14,347.9
2022-02-15,355.88
2022-02-16,356.14
2022-02-17,345.5411
2022-02-18,341.39
2022-02-22,337.97
2022-02-23,329.58
2022-02-24,340.2
2022-02-25,345.71
2022-02-28,347.03
2022-03-01,341.46
2022-03-02,347.285
2022-03-03,341.78
2022-03-04,337.41
2022-03-07,325.21
2022-03-08,323.24
2022-03-09,334.6
2022-03-10,331.73
2022-03-11,324.39
2022-03-14,318.34
2022-03-15,328.07
2022-03-16,339.61
2022-03-17,343.6501
2022-03-18,351.24
2022-03-21,349.97
2022-03-22,356.835
2022-03-23,351.93
2022-03-24,359.35
2022-03-25,358.94
2022-03-28,364.84
2022-03-29,370.99
2022-03-30,366.71
2022-03-31,362.34
2022-04-01,361.98
2022-04-04,369.0
2022-04-05,360.69
2022-04-06,353.43
2022-04-07,354.11
2022-04-08,348.81
2022-04-11,340.8
2022-04-12,339.75
2022-04-13,346.33
2022-04-14,338.295
2022-04-18,338.41
2022-04-19,346.085
2022-04-20,341.08
2022-04-21,334.36
2022-04-22,325.38
2022-04-25,329.65
2022-04-26,317.55
2022-04-27,316.705
2022-04-28,327.4201
2022-04-29,312.93
2022-05-02,318.58
2022-05-03,318.77
2022-05-04,329.7
2022-05-05,312.94
2022-05-06,309.58
2022-05-09,297.26
2022-05-10,301.12
2022-05-11,291.37
2022-05-12,291.2
2022-05-13,301.63
2022-05-16,298.16
2022-05-17,305.97
2022-05-18,291.05
2022-05-19,289.8
2022-05-20,288.64
2022-05-23,293.4
2022-05-24,286.81
2022-05-25,291.1
2022-05-26,299.44
2022-05-27,308.93
2022-05-31,308.5
2022-06-01,306.47
2022-06-02,314.47
2022-06-03,306.005
2022-06-06,307.005
2022-06-07,310.23
2022-06-08,307.35
2022-06-09,299.4799
2022-06-10,289.155
2022-06-13,275.335
2022-06-14,275.95
2022-06-15,282.709
2022-06-16,271.29
2022-06-17,274.995
2022-06-21,280.815
2022-06-22,281.07
2022-06-23,285.06
2022-06-24,294.4
2022-06-27,292.09
2022-06-28,283.54
2022-06-29,284.18
2022-06-30,279.53
2022-07-01,281.95
2022-07-05,286.7699
2022-07-06,288.5999
2022-07-07,295.1131
2022-07-08,295.475
2022-07-11,288.755
2022-07-12,286.18
2022-07-13,286.11
2022-07-14,286.69
2022-07-15,291.68
2022-07-18,289.37
2022-07-19,298.295
2022-07-20,302.91
2022-07-21,307.29
2022-07-22,301.745
2022-07-25,300.135
2022-07-26,294.21
2022-07-27,307.02
2022-07-28,309.79
2022-07-29,315.43
2022-08-01,315.24
2022-08-02,314.29
2022-08-03,322.91
2022-08-04,324.03
2022-08-05,321.66
2022-08-08,320.66
2022-08-09,316.94
2022-08-10,325.87
2022-08-11,323.82
2022-08-12,330.45
2022-08-15,332.975
2022-08-16,332.52
2022-08-17,328.36
2022-08-18,329.06
2022-08-19,323.07
2022-08-22,314.13
2022-08-23,314.08
2022-08-24,314.94
2022-08-25,320.33
2022-08-26,307.68
2022-08-29,304.74
2022-08-30,301.02
2022-08-31,299.66
2022-09-01,299.37
2022-09-02,294.61
2022-09-06,292.94
2022-09-07,298.96
2022-09-08,300.095
2022-09-09,307.14
2022-09-12,310.545
2022-09-13,293.87
2022-09-14,296.0398
2022-09-15,291.21
2022-09-16,289.63
2022-09-19,291.1
2022-09-20,288.4
2022-09-21,283.975
2022-09-22,280.729
2022-09-23,275.15
2022-09-26,274.36
2022-09-27,274.405
2022-09-28,280.12
2022-09-29,272.13
2022-09-30,267.1589
2022-10-03,273.44
2022-10-04,281.8
2022-10-05,281.58
2022-10-06,279.58
2022-10-07,269.2
2022-10-10,266.305
2022-10-11,262.85
2022-10-12,262.825
2022-10-13,269.04
2022-10-14,260.25
2022-10-17,269.14
2022-10-18,271.03
2022-10-19,270.46
2022-10-20,269.22
2022-10-21,275.49
2022-10-24,278.24
2022-10-25,284.03
2022-10-26,277.59
2022-10-27,272.42
2022-10-28,281.12
2022-10-31,277.67
2022-11-01,275.145
2022-11-02,266.245
2022-11-03,260.615
2022-11-04,264.16
2022-11-07,267.57
2022-11-08,269.44
2022-11-09,263.41
2022-11-10,282.75
2022-11-11,287.855
2022-11-14,285.4
2022-11-15,289.1
2022-11-16,285.52
2022-11-17,284.55
2022-11-18,284.655
2022-11-21,281.835
2022-11-22,285.9655
2022-11-23,288.65
2022-11-25,286.7812
2022-11-28,282.79
2022-11-29,280.665
2022-11-30,292.78
2022-12-01,293.92
2022-12-02,292.665
2022-12-05,287.57
2022-12-06,281.61
2022-12-07,280.52
2022-12-08,283.9
2022-12-09,282.15
2022-12-12,285.42
2022-12-13,288.7
2022-12-14,286.55
2022-12-15,276.89
2022-12-16,274.45
2022-12-19,270.06
2022-12-20,269.55
2022-12-21,273.485
2022-12-22,266.68
2022-12-23,267.27
2022-12-27,263.455
2022-12-28,260.01
2022-12-29,266.655
2022-12-30,266.25
2023-01-03,264.6
2023-01-04,265.58
2023-01-05,261.655
2023-01-06,268.71
2023-01-09,270.39
2023-01-10,272.745
2023-01-11,277.455
2023-01-12,279.07
2023-01-13,280.99
2023-01-17,281.37
2023-01-18,277.745
2023-01-19,275.15
2023-01-20,282.68
2023-01-23,288.96
2023-01-24,288.495
2023-01-25,287.59
2023-01-26,293.1801
2023-01-27,296.27
2023-01-30,289.96
2023-01-31,294.44
2023-02-01,300.9891
2023-02-02,311.22
2023-02-03,306.4691
2023-02-06,303.53
2023-02-07,310.3
2023-02-08,304.36
2023-02-09,301.54
2023-02-10,299.87
2023-02-13,304.2
2023-02-14,306.84
2023-02-15,308.875
2023-02-16,303.335
2023-02-17,301.09
2023-02-21,293.96
2023-02-22,293.79
2023-02-23,297.08
2023-02-24,291.68
2023-02-27,293.88
2023-02-28,294.208
2023-03-01,291.03
2023-03-02,293.61
2023-03-03,299.7024
2023-03-06,300.005
2023-03-07,296.28
2023-03-08,297.72
2023-03-09,292.8099
2023-03-10,288.535
2023-03-13,290.7
2023-03-14,297.33
2023-03-15,298.22
2023-03-16,306.87
2023-03-17,305.18
2023-03-20,305.85
2023-03-21,310.05
2023-03-22,306.92
2023-03-23,310.275
2023-03-24,310.71
2023-03-27,308.365
2023-03-28,307.005
2023-03-29,312.6989
2023-03-30,315.6592
2023-03-31,321.15
2023-04-03,320.27
2023-04-04,318.84
2023-04-05,315.895
2023-04-06,318.135
2023-04-10,317.5401
2023-04-11,315.726
2023-04-12,312.87
2023-04-13,319.145
2023-04-14,318.565
2023-04-17,318.6
2023-04-18,319.1
2023-04-19,318.755
2023-04-20,315.93
2023-04-21,316.59
2023-04-24,315.685
2023-04-25,310.1
2023-04-26,312.08
2023-04-27,320.44
2023-04-28,322.445
2023-05-01,322.5461
2023-05-02,319.6411
2023-05-03,317.5
2023-05-04,316.185
2023-05-05,322.77
2023-05-08,323.635
2023-05-09,321.525
2023-05-10,325.1
2023-05-11,326.15
2023-05-12,324.95
2023-05-15,326.7
2023-05-16,327.2127
2023-05-17,331.06
2023-05-18,337.19
2023-05-19,336.62
2023-05-22,337.48
2023-05-23,333.38
2023-05-24,331.53
2023-05-25,339.75
2023-05-26,348.445
2023-05-30,349.73
2023-05-31,347.99
2023-06-01,351.795
2023-06-02,354.68
2023-06-05,354.88
2023-06-06,355.24
2023-06-07,348.855
2023-06-08,353.23
2023-06-09,354.25
2023-06-12,360.15
2023-06-13,363.1
2023-06-14,365.425
2023-06-15,370.055
2023-06-16,367.835
2023-06-20,367.115
2023-06-21,361.935
2023-06-22,366.24
2023-06-23,362.52
2023-06-26,357.82
2023-06-27,363.8
2023-06-28,363.95
2023-06-29,363.795
2023-06-30,369.69
2023-07-03,370.34
2023-07-05,370.34
2023-07-06,367.68
2023-07-07,366.2
2023-07-10,366.14
2023-07-11,368.39
2023-07-12,372.58
2023-07-13,379.3
2023-07-14,378.65
2023-07-17,382.42
2023-07-18,385.801
2023-07-19,385.54
2023-07-20,376.75
2023-07-21,375.59
2023-07-24,376.12
2023-07-25,379.13
2023-07-26,377.26
2023-07-27,376.74
2023-07-28,383.365
2023-07-31,383.36
2023-08-01,382.82
2023-08-02,374.745
2023-08-03,374.485
2023-08-04,371.915
2023-08-07,375.24
2023-08-08,372.185
2023-08-09,367.79
2023-08-10,368.62
2023-08-11,365.95
2023-08-14,370.18
2023-08-15,366.64
2023-08-16,362.72
2023-08-17,358.9501
2023-08-18,358.07
2023-08-21,364.085
2023-08-22,363.56
2023-08-23,368.91
2023-08-24,361.7
2023-08-25,364.135
2023-08-28,366.905
2023-08-29,374.59
2023-08-30,376.73
2023-08-31,378.1
2023-09-01,377.72
2023-09-05,378.1318
2023-09-06,374.7
2023-09-07,372.26
2023-09-08,372.395
2023-09-11,376.99
2023-09-12,372.765
2023-09-13,374.255
2023-09-14,377.35
2023-09-15,370.835
2023-09-18,370.57
2023-09-19,369.925
2023-09-20,364.55
2023-09-21,357.975
2023-09-22,358.07
2023-09-25,359.52
2023-09-26,354.23
2023-09-27,354.865
2023-09-28,358.2215
2023-09-29,358.31
2023-10-02,361.07
2023-10-03,354.635
2023-10-04,360.145
2023-10-05,358.78
2023-10-06,364.695
2023-10-09,366.48
2023-10-10,368.4829
2023-10-11,371.2
2023-10-12,369.82
2023-10-13,365.075
2023-10-16,369.86
2023-10-17,368.23
2023-10-18,363.2
2023-10-19,360.31
2023-10-20,354.77
2023-10-23,355.54
2023-10-24,359.309
2023-10-25,350.255
2023-10-26,343.875
2023-10-27,345.0
2023-10-30,349.205
2023-10-31,351.075
2023-11-01,357.225
2023-11-02,363.28
2023-11-03,367.715
2023-11-06,369.045
2023-11-07,372.6599
2023-11-08,372.95
2023-11-09,369.96
2023-11-10,378.19
2023-11-13,377.165
2023-11-14,384.9875
2023-11-15,385.55
2023-11-16,385.835
2023-11-17,386.165
2023-11-20,390.51
2023-11-21,388.4
2023-11-22,390.09
2023-11-24,389.44
2023-11-27,389.12
2023-11-28,390.2711
2023-11-29,389.54
2023-11-30,388.988
2023-12-01,390.02
2023-12-04,386.29
2023-12-05,387.0
2023-12-06,384.735
2023-12-07,390.63
2023-12-08,392.185
2023-12-11,395.565
2023-12-12,398.565
2023-12-13,403.51
2023-12-14,403.17
2023-12-15,405.46
2023-12-18,407.1899
2023-12-19,409.05
2023-12-20,403.21
2023-12-21,407.86
2023-12-22,408.26
2023-12-26,410.815
2023-12-27,411.0
2023-12-28,411.2
2023-12-29,409.19
2024-01-02,402.65
2024-01-03,398.3
2024-01-04,396.34
2024-01-05,396.81
2024-01-08,405.19
2024-01-09,405.79
2024-01-10,408.64
2024-01-11,409.455
2024-01-12,409.66
2024-01-16,409.465
2024-01-17,407.465
2024-01-18,413.29
2024-01-19,421.01
2024-01-22,421.685
2024-01-23,423.52
2024-01-24,425.61
2024-01-25,426.05
2024-01-26,423.79
2024-01-29,428.11
2024-01-30,425.38
2024-01-31,417.4201
2024-02-01,421.82
2024-02-02,429.46
2024-02-05,428.89
2024-02-06,427.445
2024-02-07,431.94
2024-02-08,432.59
2024-02-09,437.1
2024-02-12,435.18
2024-02-13,428.46
2024-02-14,433.38
2024-02-15,434.385
2024-02-16,430.4701
2024-02-20,426.9499
2024-02-21,425.542
2024-02-22,438.31
2024-02-23,437.14
2024-02-26,436.745
2024-02-27,437.66
2024-02-28,435.26
2024-02-29,440.0201
2024-03-01,445.82
2024-03-04,444.01
2024-03-05,436.1
2024-03-06,438.925
2024-03-07,445.77
2024-03-08,439.34
2024-03-11,437.28
2024-03-12,443.78
2024-03-13,440.18
2024-03-14,438.72
2024-03-15,433.72
2024-03-18,437.26
2024-03-19,438.86
2024-03-20,443.63
2024-03-21,446.09
2024-03-22,446.635
2024-03-25,444.74
2024-03-26,443.27
2024-03-27,444.83
2024-03-28,444.575
2024-04-01,444.9
2024-04-02,441.185
2024-04-03,441.95
2024-04-04,435.165
2024-04-05,440.72
2024-04-08,440.5
2024-04-09,441.825
2024-04-10,438.755
2024-04-11,445.725
2024-04-12,438.085
2024-04-15,431.095
2024-04-16,431.13
2024-04-17,426.39
2024-04-18,423.285
2024-04-19,414.85
2024-04-22,418.43
2024-04-23,424.82
2024-04-24,426.81
2024-04-25,424.32
2024-04-26,431.27
2024-04-29,432.64
2024-04-30,425.02
2024-05-01,421.93
2024-05-02,426.56
2024-05-03,435.25
2024-05-06,440.2
2024-05-07,440.505
2024-05-08,440.375
2024-05-09,440.84
2024-05-10,442.321
2024-05-13,442.895
2024-05-14,446.295
2024-05-15,452.9
2024-05-16,452.2693
2024-05-17,451.37
2024-05-20,454.48
2024-05-21,455.92
2024-05-22,455.1487
2024-05-23,453.58
2024-05-24,457.9
2024-05-28,459.025
2024-05-29,456.135
2024-05-30,451.54
2024-05-31,450.99
2024-06-03,452.56
2024-06-04,454.53
2024-06-05,463.415
2024-06-06,463.19
2024-06-07,463.075
2024-06-10,464.37
2024-06-11,467.81
2024-06-12,474.6
2024-06-13,477.49
2024-06-14,478.895
2024-06-17,485.055
2024-06-18,485.2801
2024-06-20,481.285
2024-06-21,480.11
2024-06-24,473.94
2024-06-25,479.47
2024-06-26,480.67
2024-06-27,481.0
2024-06-28,479.39
2024-07-01,482.1
2024-07-02,486.9
2024-07-03,490.76
2024-07-05,496.4
2024-07-08,497.09
2024-07-09,497.82
2024-07-10,503.28
2024-07-11,492.27
2024-07-12,494.5
2024-07-15,495.49
2024-07-16,496.67
2024-07-17,482.21
2024-07-18,479.22
2024-07-19,474.92
2024-07-22,482.33
2024-07-23,480.49
2024-07-24,463.2
2024-07-25,458.67
2024-07-26,462.44
2024-07-29,463.69
2024-07-30,458.17
2024-07-31,471.26
2024-08-01,459.51
2024-08-02,448.46
2024-08-05,435.322
2024-08-06,439.63
2024-08-07,434.735
2024-08-08,447.46
2024-08-09,450.83
2024-08-12,450.82
2024-08-13,462.54
2024-08-14,463.4
2024-08-15,473.785
2024-08-16,474.87
2024-08-19,481.02
2024-08-20,480.395
2024-08-21,482.64
2024-08-22,474.15
2024-08-23,480.115
2024-08-26,474.79
2024-08-27,476.54
2024-08-28,471.35
2024-08-29,470.56
2024-08-30,476.475
2024-09-03,461.6
2024-09-04,461.46
2024-09-05,460.1842
2024-09-06,448.8
2024-09-09,454.51
2024-09-10,458.8588
2024-09-11,469.07
2024-09-12,473.03
2024-09-13,475.62
2024-09-16,473.4
2024-09-17,473.3
2024-09-18,471.35
2024-09-19,483.18
2024-09-20,482.41
2024-09-23,483.0
2024-09-24,484.93
2024-09-25,485.72
2024-09-26,489.62
2024-09-27,486.87
2024-09-30,488.11
2024-10-01,481.27
2024-10-02,482.3
2024-10-03,481.8
2024-10-04,487.7
2024-10-07,481.78
2024-10-08,489.48
2024-10-09,493.52
2024-10-10,492.68
2024-10-11,493.39
2024-10-14,497.46
2024-10-15,490.45
2024-10-16,490.84
2024-10-17,491.42
2024-10-18,494.5
2024-10-21,495.29
2024-10-22,496.2
2024-10-23,488.223
2024-10-24,492.41
2024-10-25,495.07
2024-10-28,495.43
2024-10-29,500.04
2024-10-30,496.16
2024-10-31,485.03
2024-11-01,487.31
2024-11-04,485.7699
2024-11-05,491.98
2024-11-06,505.44
2024-11-07,513.36
2024-11-08,514.08
2024-11-11,513.36
2024-11-12,513.0
2024-11-13,512.27
2024-11-14,508.39
2024-11-15,496.725
2024-11-18,499.86
2024-11-19,503.55
2024-11-20,502.935
2024-11-21,505.3
2024-11-22,506.06
2024-11-25,506.7
2024-11-26,509.69
2024-11-27,505.24
2024-11-29,509.81
2024-12-02,515.36
2024-12-03,517.01
2024-12-04,523.33
2024-12-05,521.68
2024-12-06,526.47
2024-12-09,522.015
2024-12-10,520.25
2024-12-11,529.99
2024-12-12,526.925
2024-12-13,530.51
2024-12-16,538.0096
2024-12-17,536.12
2024-12-18,518.06
2024-12-19,514.7
2024-12-20,518.18
2024-12-23,522.9401
2024-12-24,529.69
2024-12-26,529.72
2024-12-27,522.24
2024-12-30,516.1121
2024-12-31,511.045
2025-01-02,509.99
2025-01-03,518.61
2025-01-06,524.115
2025-01-07,515.11
2025-01-08,515.21
2025-01-10,507.515
2025-01-13,505.92
2025-01-14,504.37
2025-01-15,516.67
2025-01-16,513.41
2025-01-17,521.305
2025-01-21,524.6
2025-01-22,531.76
2025-01-23,532.49
2025-01-24,529.7
2025-01-27,513.95
2025-01-28,521.81
2025-01-29,520.91
2025-01-30,523.24
2025-01-31,522.54
2025-02-03,518.55
2025-02-04,524.7
2025-02-05,526.91
2025-02-06,529.53
2025-02-07,522.9
2025-02-10,529.25
2025-02-11,527.8
2025-02-12,528.43
2025-02-13,536.0799
2025-02-14,538.54
2025-02-18,539.14
2025-02-19,539.66
2025-02-20,537.18
2025-02-21,526.3599
2025-02-24,519.7689
2025-02-25,513.64
2025-02-26,513.95
2025-02-27,500.4273
2025-02-28,508.6
2025-03-03,497.1599
2025-03-04,495.48
2025-03-05,502.19
2025-03-06,488.245
2025-03-07,492.37
2025-03-10,472.99
2025-03-11,472.35
2025-03-12,477.265
2025-03-13,467.92
2025-03-14,480.285
2025-03-17,482.97
2025-03-18,474.74
2025-03-19,480.44
2025-03-20,479.36
2025-03-21,481.13
2025-03-24,490.92
2025-03-25,493.29
2025-03-26,484.75
2025-03-27,481.85
2025-03-28,469.25
2025-03-31,469.76
2025-04-01,472.82
2025-04-02,476.8
2025-04-03,451.015
2025-04-04,423.6
2025-04-07,423.83
2025-04-08,415.38
2025-04-09,465.35
2025-04-10,446.345
2025-04-11,454.265
2025-04-14,457.08
2025-04-15,458.13
2025-04-16,444.46
2025-04-17,443.95
2025-04-21,433.7693
2025-04-22,444.87
2025-04-23,455.15
2025-04-24,467.35
2025-04-25,472.645
2025-04-28,472.96
2025-04-29,475.47
2025-04-30,476.37
2025-05-01,481.1
2025-05-02,488.73
2025-05-05,485.73
2025-05-06,482.49
2025-05-07,483.54
2025-05-08,488.26
2025-05-09,488.07
2025-05-12,507.49
2025-05-13,516.08
2025-05-14,518.625
2025-05-15,518.81
2025-05-16,521.44
2025-05-19,521.72
2025-05-20,519.89
2025-05-21,513.63
2025-05-22,513.78
2025-05-23,509.81
2025-05-27,520.89
2025-05-28,519.01
2025-05-29,520.115
2025-05-30,519.95
2025-06-02,523.01
2025-06-03,527.77
2025-06-04,529.1
2025-06-05,524.25
2025-06-06,530.1
2025-06-09,531.12
2025-06-10,534.14
2025-06-11,532.2
2025-06-12,533.33
2025-06-13,526.37
2025-06-16,533.565
2025-06-17,528.963
2025-06-18,528.86
2025-06-20,526.55
2025-06-23,532.035
2025-06-24,540.01
2025-06-25,540.95
2025-06-26,546.445
2025-06-27,548.285
2025-06-30,552.3
2025-07-01,547.23
2025-07-02,550.85
2025-07-03,556.47
2025-07-07,551.88
2025-07-08,552.37
2025-07-09,556.29
2025-07-10,555.44
2025-07-11,554.37
2025-07-14,556.295
2025-07-15,557.22
2025-07-16,557.48
2025-07-17,561.91
2025-07-18,561.02
2025-07-21,563.99
2025-07-22,561.84
2025-07-23,563.27
2025-07-24,565.41
2025-07-25,566.4
2025-07-28,568.24
2025-07-29,566.93
2025-07-30,568.08
2025-07-31,564.89
2025-08-01,554.22
2025-08-04,564.19
2025-08-05,559.94
2025-08-06,567.27
2025-08-07,568.6245
2025-08-08,574.5399
2025-08-11,572.34
2025-08-12,580.145
2025-08-13,580.59
2025-08-14,580.31
2025-08-15,577.1392
2025-08-18,577.46
2025-08-19,569.02
2025-08-20,565.91
2025-08-21,563.01
2025-08-22,571.85
2025-08-25,570.71
2025-08-26,572.64
2025-08-27,574.07
2025-08-28,577.36
2025-08-29,570.02
2025-09-02,565.77
2025-09-03,569.62
2025-09-04,575.38
2025-09-05,575.52
2025-09-08,578.47
2025-09-09,580.725
2025-09-10,581.01
2025-09-11,584.57
2025-09-12,587.035
2025-09-15,591.51
2025-09-16,591.42
2025-09-17,589.58
2025-09-18,595.57
2025-09-19,600.03
2025-09-22,602.36
2025-09-23,597.99
2025-09-24,596.23
2025-09-25,593.49
2025-09-26,596.15
2025-09-29,598.65
2025-09-30,600.49
2025-10-01,603.675
2025-10-02,605.6108
2025-10-03,602.93
2025-10-06,608.0
2025-10-07,604.22
2025-10-08,611.62
2025-10-09,610.23
2025-10-10,589.55
2025-10-13,602.285
2025-10-14,598.3
2025-10-15,601.88
2025-10-16,599.64
2025-10-17,604.36
2025-10-20,611.82
2025-10-21,611.82
2025-10-22,605.2
2025-10-23,610.72
2025-10-24,617.05
2025-10-27,628.365
2025-10-28,633.2152
2025-10-29,635.24
2025-10-30,626.4
2025-10-31,629.65
2025-11-03,631.88
2025-11-04,619.06
2025-11-05,623.34
2025-11-06,611.51
2025-11-07,609.79
2025-11-10,623.395
2025-11-11,621.06
2025-11-12,620.35
2025-11-13,608.01
2025-11-14,608.26
2025-11-17,603.54
2025-11-18,596.78
2025-11-19,599.67
2025-11-20,585.47
2025-11-21,589.68
2025-11-24,605.6
2025-11-25,609.35
2025-11-26,614.71
2025-11-28,619.05
2025-12-01,616.59
2025-12-02,622.23
2025-12-03,623.56
2025-12-04,622.35
2025-12-05,625.36
2025-12-08,623.37
2025-12-09,624.82
2025-12-10,627.87
2025-12-11,625.49
2025-12-12,613.45
2025-12-15,610.54
2025-12-16,612.65
2025-12-17,600.34
2025-12-18,609.28
2025-12-19,616.8
2025-12-22,619.405
2025-12-23,622.33
2025-12-24,624.21
2025-12-26,623.88
2025-12-29,620.91
2025-12-30,619.585
2025-12-31,614.53
2026-01-02,612.955
2026-01-05,617.76
2026-01-06,623.86
2026-01-07,623.88
2026-01-08,620.665
2026-01-09,627.06
2026-01-12,627.355
2026-01-13,625.82
2026-01-14,619.32
2026-01-15,621.09
2026-01-16,621.5
2026-01-20,607.75
2026-01-21,616.16
2026-01-22,620.48
2026-01-23,623.1612
2026-01-26,625.535
2026-01-27,631.085
2026-01-28,633.65
2026-01-29,629.825
2026-01-30,621.56
2026-02-02,626.25
2026-02-03,616.55
2026-02-04,605.75
2026-02-05,597.2808
2026-02-06,610.34
2026-02-09,615.205
2026-02-10,611.488
2026-02-11,613.39
2026-02-12,600.6
2026-02-13,601.74
2026-02-17,600.81
2026-02-18,606.09
2026-02-19,603.24
2026-02-20,608.46
2026-02-23,600.91
2026-02-24,608.01
2026-02-25,616.3
2026-02-26,609.06
2026-02-27,607.38
2026-03-02,608.57
2026-03-03,601.76
2026-03-04,610.95
2026-03-05,608.935
2026-03-06,600.295
2026-03-09,608.03
2026-03-10,607.305
2026-03-11,607.8
2026-03-12,597.31
2026-03-13,593.71
2026-03-16,600.387
2026-03-17,603.25
2026-03-18,594.855
2026-03-19,593.3
2026-03-20,581.84
2026-03-23,588.425
2026-03-24,583.495
2026-03-25,587.49
2026-03-26,573.715
2026-03-27,563.1
2026-03-30,558.38
2026-03-31,577.03
2026-04-01,584.33
2026-04-02,584.735
2026-04-06,588.34
2026-04-07,588.02
2026-04-08,605.21
2026-04-09,610.09
2026-04-10,611.03
2026-04-13,617.365
2026-04-14,628.34
2026-04-15,637.48
2026-04-16,640.55
2026-04-17,648.705
2026-04-20,646.73
2026-04-21,643.89
2026-04-22,655.11
2026-04-23,651.66
2026-04-24,664.055
2026-04-27,664.2599
2026-04-28,657.845
2026-04-29,660.6
2026-04-30,667.82
2026-05-01,673.95
2026-05-04,672.64
2026-05-05,681.62
2026-05-06,695.635
2026-05-07,694.87
2026-05-08,710.95
2026-05-11,713.165
2026-05-12,707.27
2026-05-13,714.61
2026-05-14,719.79
2026-05-15,708.82
2026-05-18,705.51
2026-05-19,701.16
2026-05-20,712.675
2026-05-21,714.59
2026-05-22,717.94
2026-05-26,730.05
2026-05-27,729.575
2026-05-28,735.74
2026-05-29,738.4301
2026-06-01,742.45
2026-06-02,746.31
2026-06-03,744.36
2026-06-04,740.89
2026-06-05,706.24
2026-06-08,716.23
2026-06-09,707.63
2026-06-10,695.81
2026-06-11,717.11
2026-06-12,721.7693
2026-06-15,743.05
2026-06-16,730.69
2026-06-17,722.34
2026-06-18,741.205
2026-06-22,737.72
2026-06-23,714.72
2026-06-24,709.36
2026-06-25,714.66
2026-06-26,709.31
2026-06-29,723.96
2026-06-30,736.84
2026-07-01,725.23
2026-07-02,713.49
2026-07-06,722.82
2026-07-07,709.26
2026-07-08,711.9887
2026-07-09,722.965
2026-07-10,725.45
2026-07-13,712.63
2026-07-14,720.135
2026-07-15,717.6
2026-07-16,705.585
2026-07-17,696.62
2026-07-20,695.99
2026-07-21,709.46
2026-07-22,705.99
2026-07-23,692.18
2026-07-24,683.84
2026-07-27,681.99
2026-07-28,675.92
2026-07-29,661.665
2026-07-30,683.81
2026-07-31,689.27
